County_fip,COUNTYNAME,State_fip
US01001,Autauga County,US01
US01003,Baldwin County,US01
US01005,Barbour County,US01
US01007,Bibb County,US01
US01009,Blount County,US01
US01011,Bullock County,US01
US01013,Butler County,US01
US01015,Calhoun County,US01
US01017,Chambers County,US01
US01019,Cherokee County,US01
US01021,Chilton County,US01
US01023,Choctaw County,US01
US01025,Clarke County,US01
US01027,Clay County,US01
US01029,Cleburne County,US01
US01031,Coffee County,US01
US01033,Colbert County,US01
US01035,Conecuh County,US01
US01037,Coosa County,US01
US01039,Covington County,US01
US01041,Crenshaw County,US01
US01043,Cullman County,US01
US01045,Dale County,US01
US01047,Dallas County,US01
US01049,DeKalb County,US01
US01051,Elmore County,US01
US01053,Escambia County,US01
US01055,Etowah County,US01
US01057,Fayette County,US01
US01059,Franklin County,US01
US01061,Geneva County,US01
US01063,Greene County,US01
US01065,Hale County,US01
US01067,Henry County,US01
US01069,Houston County,US01
US01071,Jackson County,US01
US01073,Jefferson County,US01
US01075,Lamar County,US01
US01077,Lauderdale County,US01
US01079,Lawrence County,US01
US01081,Lee County,US01
US01083,Limestone County,US01
US01085,Lowndes County,US01
US01087,Macon County,US01
US01089,Madison County,US01
US01091,Marengo County,US01
US01093,Marion County,US01
US01095,Marshall County,US01
US01097,Mobile County,US01
US01099,Monroe County,US01
US01101,Montgomery County,US01
US01103,Morgan County,US01
US01105,Perry County,US01
US01107,Pickens County,US01
US01109,Pike County,US01
US01111,Randolph County,US01
US01113,Russell County,US01
US01115,St. Clair County,US01
US01117,Shelby County,US01
US01119,Sumter County,US01
US01121,Talladega County,US01
US01123,Tallapoosa County,US01
US01125,Tuscaloosa County,US01
US01127,Walker County,US01
US01129,Washington County,US01
US01131,Wilcox County,US01
US01133,Winston County,US01
US02013,Aleutians East Borough,US02
US02016,Aleutians West Census Area,US02
US02020,Anchorage Municipality,US02
US02050,Bethel Census Area,US02
US02060,Bristol Bay Borough,US02
US02063,Chugach Census Area,US02
US02066,Copper River Census Area,US02
US02068,Denali Borough,US02
US02070,Dillingham Census Area,US02
US02090,Fairbanks North Star Borough,US02
US02100,Haines Borough,US02
US02105,Hoonah-Angoon Census Area,US02
US02110,Juneau City and Borough,US02
US02122,Kenai Peninsula Borough,US02
US02130,Ketchikan Gateway Borough,US02
US02150,Kodiak Island Borough,US02
US02158,Kusilvak Census Area,US02
US02164,Lake and Peninsula Borough,US02
US02170,Matanuska-Susitna Borough,US02
US02180,Nome Census Area,US02
US02185,North Slope Borough,US02
US02188,Northwest Arctic Borough,US02
US02195,Petersburg Borough,US02
US02198,Prince of Wales-Hyder Census Area,US02
US02220,Sitka City and Borough,US02
US02230,Skagway Municipality,US02
US02240,Southeast Fairbanks Census Area,US02
US02275,Wrangell City and Borough,US02
US02282,Yakutat City and Borough,US02
US02290,Yukon-Koyukuk Census Area,US02
US04001,Apache County,US04
US04003,Cochise County,US04
US04005,Coconino County,US04
US04007,Gila County,US04
US04009,Graham County,US04
US04011,Greenlee County,US04
US04012,La Paz County,US04
US04013,Maricopa County,US04
US04015,Mohave County,US04
US04017,Navajo County,US04
US04019,Pima County,US04
US04021,Pinal County,US04
US04023,Santa Cruz County,US04
US04025,Yavapai County,US04
US04027,Yuma County,US04
US05001,Arkansas County,US05
US05003,Ashley County,US05
US05005,Baxter County,US05
US05007,Benton County,US05
US05009,Boone County,US05
US05011,Bradley County,US05
US05013,Calhoun County,US05
US05015,Carroll County,US05
US05017,Chicot County,US05
US05019,Clark County,US05
US05021,Clay County,US05
US05023,Cleburne County,US05
US05025,Cleveland County,US05
US05027,Columbia County,US05
US05029,Conway County,US05
US05031,Craighead County,US05
US05033,Crawford County,US05
US05035,Crittenden County,US05
US05037,Cross County,US05
US05039,Dallas County,US05
US05041,Desha County,US05
US05043,Drew County,US05
US05045,Faulkner County,US05
US05047,Franklin County,US05
US05049,Fulton County,US05
US05051,Garland County,US05
US05053,Grant County,US05
US05055,Greene County,US05
US05057,Hempstead County,US05
US05059,Hot Spring County,US05
US05061,Howard County,US05
US05063,Independence County,US05
US05065,Izard County,US05
US05067,Jackson County,US05
US05069,Jefferson County,US05
US05071,Johnson County,US05
US05073,Lafayette County,US05
US05075,Lawrence County,US05
US05077,Lee County,US05
US05079,Lincoln County,US05
US05081,Little River County,US05
US05083,Logan County,US05
US05085,Lonoke County,US05
US05087,Madison County,US05
US05089,Marion County,US05
US05091,Miller County,US05
US05093,Mississippi County,US05
US05095,Monroe County,US05
US05097,Montgomery County,US05
US05099,Nevada County,US05
US05101,Newton County,US05
US05103,Ouachita County,US05
US05105,Perry County,US05
US05107,Phillips County,US05
US05109,Pike County,US05
US05111,Poinsett County,US05
US05113,Polk County,US05
US05115,Pope County,US05
US05117,Prairie County,US05
US05119,Pulaski County,US05
US05121,Randolph County,US05
US05123,St. Francis County,US05
US05125,Saline County,US05
US05127,Scott County,US05
US05129,Searcy County,US05
US05131,Sebastian County,US05
US05133,Sevier County,US05
US05135,Sharp County,US05
US05137,Stone County,US05
US05139,Union County,US05
US05141,Van Buren County,US05
US05143,Washington County,US05
US05145,White County,US05
US05147,Woodruff County,US05
US05149,Yell County,US05
US06001,Alameda County,US06
US06003,Alpine County,US06
US06005,Amador County,US06
US06007,Butte County,US06
US06009,Calaveras County,US06
US06011,Colusa County,US06
US06013,Contra Costa County,US06
US06015,Del Norte County,US06
US06017,El Dorado County,US06
US06019,Fresno County,US06
US06021,Glenn County,US06
US06023,Humboldt County,US06
US06025,Imperial County,US06
US06027,Inyo County,US06
US06029,Kern County,US06
US06031,Kings County,US06
US06033,Lake County,US06
US06035,Lassen County,US06
US06037,Los Angeles County,US06
US06039,Madera County,US06
US06041,Marin County,US06
US06043,Mariposa County,US06
US06045,Mendocino County,US06
US06047,Merced County,US06
US06049,Modoc County,US06
US06051,Mono County,US06
US06053,Monterey County,US06
US06055,Napa County,US06
US06057,Nevada County,US06
US06059,Orange County,US06
US06061,Placer County,US06
US06063,Plumas County,US06
US06065,Riverside County,US06
US06067,Sacramento County,US06
US06069,San Benito County,US06
US06071,San Bernardino County,US06
US06073,San Diego County,US06
US06075,San Francisco County,US06
US06077,San Joaquin County,US06
US06079,San Luis Obispo County,US06
US06081,San Mateo County,US06
US06083,Santa Barbara County,US06
US06085,Santa Clara County,US06
US06087,Santa Cruz County,US06
US06089,Shasta County,US06
US06091,Sierra County,US06
US06093,Siskiyou County,US06
US06095,Solano County,US06
US06097,Sonoma County,US06
US06099,Stanislaus County,US06
US06101,Sutter County,US06
US06103,Tehama County,US06
US06105,Trinity County,US06
US06107,Tulare County,US06
US06109,Tuolumne County,US06
US06111,Ventura County,US06
US06113,Yolo County,US06
US06115,Yuba County,US06
US08001,Adams County,US08
US08003,Alamosa County,US08
US08005,Arapahoe County,US08
US08007,Archuleta County,US08
US08009,Baca County,US08
US08011,Bent County,US08
US08013,Boulder County,US08
US08014,Broomfield County,US08
US08015,Chaffee County,US08
US08017,Cheyenne County,US08
US08019,Clear Creek County,US08
US08021,Conejos County,US08
US08023,Costilla County,US08
US08025,Crowley County,US08
US08027,Custer County,US08
US08029,Delta County,US08
US08031,Denver County,US08
US08033,Dolores County,US08
US08035,Douglas County,US08
US08037,Eagle County,US08
US08039,Elbert County,US08
US08041,El Paso County,US08
US08043,Fremont County,US08
US08045,Garfield County,US08
US08047,Gilpin County,US08
US08049,Grand County,US08
US08051,Gunnison County,US08
US08053,Hinsdale County,US08
US08055,Huerfano County,US08
US08057,Jackson County,US08
US08059,Jefferson County,US08
US08061,Kiowa County,US08
US08063,Kit Carson County,US08
US08065,Lake County,US08
US08067,La Plata County,US08
US08069,Larimer County,US08
US08071,Las Animas County,US08
US08073,Lincoln County,US08
US08075,Logan County,US08
US08077,Mesa County,US08
US08079,Mineral County,US08
US08081,Moffat County,US08
US08083,Montezuma County,US08
US08085,Montrose County,US08
US08087,Morgan County,US08
US08089,Otero County,US08
US08091,Ouray County,US08
US08093,Park County,US08
US08095,Phillips County,US08
US08097,Pitkin County,US08
US08099,Prowers County,US08
US08101,Pueblo County,US08
US08103,Rio Blanco County,US08
US08105,Rio Grande County,US08
US08107,Routt County,US08
US08109,Saguache County,US08
US08111,San Juan County,US08
US08113,San Miguel County,US08
US08115,Sedgwick County,US08
US08117,Summit County,US08
US08119,Teller County,US08
US08121,Washington County,US08
US08123,Weld County,US08
US08125,Yuma County,US08
US09001,Fairfield County,US09
US09003,Hartford County,US09
US09005,Litchfield County,US09
US09007,Middlesex County,US09
US09009,New Haven County,US09
US09011,New London County,US09
US09013,Tolland County,US09
US09015,Windham County,US09
US10001,Kent County,US10
US10003,New Castle County,US10
US10005,Sussex County,US10
US11001,District of Columbia,US11
US12001,Alachua County,US12
US12003,Baker County,US12
US12005,Bay County,US12
US12007,Bradford County,US12
US12009,Brevard County,US12
US12011,Broward County,US12
US12013,Calhoun County,US12
US12015,Charlotte County,US12
US12017,Citrus County,US12
US12019,Clay County,US12
US12021,Collier County,US12
US12023,Columbia County,US12
US12027,DeSoto County,US12
US12029,Dixie County,US12
US12031,Duval County,US12
US12033,Escambia County,US12
US12035,Flagler County,US12
US12037,Franklin County,US12
US12039,Gadsden County,US12
US12041,Gilchrist County,US12
US12043,Glades County,US12
US12045,Gulf County,US12
US12047,Hamilton County,US12
US12049,Hardee County,US12
US12051,Hendry County,US12
US12053,Hernando County,US12
US12055,Highlands County,US12
US12057,Hillsborough County,US12
US12059,Holmes County,US12
US12061,Indian River County,US12
US12063,Jackson County,US12
US12065,Jefferson County,US12
US12067,Lafayette County,US12
US12069,Lake County,US12
US12071,Lee County,US12
US12073,Leon County,US12
US12075,Levy County,US12
US12077,Liberty County,US12
US12079,Madison County,US12
US12081,Manatee County,US12
US12083,Marion County,US12
US12085,Martin County,US12
US12086,Miami-Dade County,US12
US12087,Monroe County,US12
US12089,Nassau County,US12
US12091,Okaloosa County,US12
US12093,Okeechobee County,US12
US12095,Orange County,US12
US12097,Osceola County,US12
US12099,Palm Beach County,US12
US12101,Pasco County,US12
US12103,Pinellas County,US12
US12105,Polk County,US12
US12107,Putnam County,US12
US12109,St. Johns County,US12
US12111,St. Lucie County,US12
US12113,Santa Rosa County,US12
US12115,Sarasota County,US12
US12117,Seminole County,US12
US12119,Sumter County,US12
US12121,Suwannee County,US12
US12123,Taylor County,US12
US12125,Union County,US12
US12127,Volusia County,US12
US12129,Wakulla County,US12
US12131,Walton County,US12
US12133,Washington County,US12
US13001,Appling County,US13
US13003,Atkinson County,US13
US13005,Bacon County,US13
US13007,Baker County,US13
US13009,Baldwin County,US13
US13011,Banks County,US13
US13013,Barrow County,US13
US13015,Bartow County,US13
US13017,Ben Hill County,US13
US13019,Berrien County,US13
US13021,Bibb County,US13
US13023,Bleckley County,US13
US13025,Brantley County,US13
US13027,Brooks County,US13
US13029,Bryan County,US13
US13031,Bulloch County,US13
US13033,Burke County,US13
US13035,Butts County,US13
US13037,Calhoun County,US13
US13039,Camden County,US13
US13043,Candler County,US13
US13045,Carroll County,US13
US13047,Catoosa County,US13
US13049,Charlton County,US13
US13051,Chatham County,US13
US13053,Chattahoochee County,US13
US13055,Chattooga County,US13
US13057,Cherokee County,US13
US13059,Clarke County,US13
US13061,Clay County,US13
US13063,Clayton County,US13
US13065,Clinch County,US13
US13067,Cobb County,US13
US13069,Coffee County,US13
US13071,Colquitt County,US13
US13073,Columbia County,US13
US13075,Cook County,US13
US13077,Coweta County,US13
US13079,Crawford County,US13
US13081,Crisp County,US13
US13083,Dade County,US13
US13085,Dawson County,US13
US13087,Decatur County,US13
US13089,DeKalb County,US13
US13091,Dodge County,US13
US13093,Dooly County,US13
US13095,Dougherty County,US13
US13097,Douglas County,US13
US13099,Early County,US13
US13101,Echols County,US13
US13103,Effingham County,US13
US13105,Elbert County,US13
US13107,Emanuel County,US13
US13109,Evans County,US13
US13111,Fannin County,US13
US13113,Fayette County,US13
US13115,Floyd County,US13
US13117,Forsyth County,US13
US13119,Franklin County,US13
US13121,Fulton County,US13
US13123,Gilmer County,US13
US13125,Glascock County,US13
US13127,Glynn County,US13
US13129,Gordon County,US13
US13131,Grady County,US13
US13133,Greene County,US13
US13135,Gwinnett County,US13
US13137,Habersham County,US13
US13139,Hall County,US13
US13141,Hancock County,US13
US13143,Haralson County,US13
US13145,Harris County,US13
US13147,Hart County,US13
US13149,Heard County,US13
US13151,Henry County,US13
US13153,Houston County,US13
US13155,Irwin County,US13
US13157,Jackson County,US13
US13159,Jasper County,US13
US13161,Jeff Davis County,US13
US13163,Jefferson County,US13
US13165,Jenkins County,US13
US13167,Johnson County,US13
US13169,Jones County,US13
US13171,Lamar County,US13
US13173,Lanier County,US13
US13175,Laurens County,US13
US13177,Lee County,US13
US13179,Liberty County,US13
US13181,Lincoln County,US13
US13183,Long County,US13
US13185,Lowndes County,US13
US13187,Lumpkin County,US13
US13189,McDuffie County,US13
US13191,McIntosh County,US13
US13193,Macon County,US13
US13195,Madison County,US13
US13197,Marion County,US13
US13199,Meriwether County,US13
US13201,Miller County,US13
US13205,Mitchell County,US13
US13207,Monroe County,US13
US13209,Montgomery County,US13
US13211,Morgan County,US13
US13213,Murray County,US13
US13215,Muscogee County,US13
US13217,Newton County,US13
US13219,Oconee County,US13
US13221,Oglethorpe County,US13
US13223,Paulding County,US13
US13225,Peach County,US13
US13227,Pickens County,US13
US13229,Pierce County,US13
US13231,Pike County,US13
US13233,Polk County,US13
US13235,Pulaski County,US13
US13237,Putnam County,US13
US13239,Quitman County,US13
US13241,Rabun County,US13
US13243,Randolph County,US13
US13245,Richmond County,US13
US13247,Rockdale County,US13
US13249,Schley County,US13
US13251,Screven County,US13
US13253,Seminole County,US13
US13255,Spalding County,US13
US13257,Stephens County,US13
US13259,Stewart County,US13
US13261,Sumter County,US13
US13263,Talbot County,US13
US13265,Taliaferro County,US13
US13267,Tattnall County,US13
US13269,Taylor County,US13
US13271,Telfair County,US13
US13273,Terrell County,US13
US13275,Thomas County,US13
US13277,Tift County,US13
US13279,Toombs County,US13
US13281,Towns County,US13
US13283,Treutlen County,US13
US13285,Troup County,US13
US13287,Turner County,US13
US13289,Twiggs County,US13
US13291,Union County,US13
US13293,Upson County,US13
US13295,Walker County,US13
US13297,Walton County,US13
US13299,Ware County,US13
US13301,Warren County,US13
US13303,Washington County,US13
US13305,Wayne County,US13
US13307,Webster County,US13
US13309,Wheeler County,US13
US13311,White County,US13
US13313,Whitfield County,US13
US13315,Wilcox County,US13
US13317,Wilkes County,US13
US13319,Wilkinson County,US13
US13321,Worth County,US13
US15001,Hawaii County,US15
US15003,Honolulu County,US15
US15007,Kauai County,US15
US15009,Maui County,US15
US16001,Ada County,US16
US16003,Adams County,US16
US16005,Bannock County,US16
US16007,Bear Lake County,US16
US16009,Benewah County,US16
US16011,Bingham County,US16
US16013,Blaine County,US16
US16015,Boise County,US16
US16017,Bonner County,US16
US16019,Bonneville County,US16
US16021,Boundary County,US16
US16023,Butte County,US16
US16025,Camas County,US16
US16027,Canyon County,US16
US16029,Caribou County,US16
US16031,Cassia County,US16
US16033,Clark County,US16
US16035,Clearwater County,US16
US16037,Custer County,US16
US16039,Elmore County,US16
US16041,Franklin County,US16
US16043,Fremont County,US16
US16045,Gem County,US16
US16047,Gooding County,US16
US16049,Idaho County,US16
US16051,Jefferson County,US16
US16053,Jerome County,US16
US16055,Kootenai County,US16
US16057,Latah County,US16
US16059,Lemhi County,US16
US16061,Lewis County,US16
US16063,Lincoln County,US16
US16065,Madison County,US16
US16067,Minidoka County,US16
US16069,Nez Perce County,US16
US16071,Oneida County,US16
US16073,Owyhee County,US16
US16075,Payette County,US16
US16077,Power County,US16
US16079,Shoshone County,US16
US16081,Teton County,US16
US16083,Twin Falls County,US16
US16085,Valley County,US16
US16087,Washington County,US16
US17001,Adams County,US17
US17003,Alexander County,US17
US17005,Bond County,US17
US17007,Boone County,US17
US17009,Brown County,US17
US17011,Bureau County,US17
US17013,Calhoun County,US17
US17015,Carroll County,US17
US17017,Cass County,US17
US17019,Champaign County,US17
US17021,Christian County,US17
US17023,Clark County,US17
US17025,Clay County,US17
US17027,Clinton County,US17
US17029,Coles County,US17
US17031,Cook County,US17
US17033,Crawford County,US17
US17035,Cumberland County,US17
US17037,DeKalb County,US17
US17039,De Witt County,US17
US17041,Douglas County,US17
US17043,DuPage County,US17
US17045,Edgar County,US17
US17047,Edwards County,US17
US17049,Effingham County,US17
US17051,Fayette County,US17
US17053,Ford County,US17
US17055,Franklin County,US17
US17057,Fulton County,US17
US17059,Gallatin County,US17
US17061,Greene County,US17
US17063,Grundy County,US17
US17065,Hamilton County,US17
US17067,Hancock County,US17
US17069,Hardin County,US17
US17071,Henderson County,US17
US17073,Henry County,US17
US17075,Iroquois County,US17
US17077,Jackson County,US17
US17079,Jasper County,US17
US17081,Jefferson County,US17
US17083,Jersey County,US17
US17085,Jo Daviess County,US17
US17087,Johnson County,US17
US17089,Kane County,US17
US17091,Kankakee County,US17
US17093,Kendall County,US17
US17095,Knox County,US17
US17097,Lake County,US17
US17099,LaSalle County,US17
US17101,Lawrence County,US17
US17103,Lee County,US17
US17105,Livingston County,US17
US17107,Logan County,US17
US17109,McDonough County,US17
US17111,McHenry County,US17
US17113,McLean County,US17
US17115,Macon County,US17
US17117,Macoupin County,US17
US17119,Madison County,US17
US17121,Marion County,US17
US17123,Marshall County,US17
US17125,Mason County,US17
US17127,Massac County,US17
US17129,Menard County,US17
US17131,Mercer County,US17
US17133,Monroe County,US17
US17135,Montgomery County,US17
US17137,Morgan County,US17
US17139,Moultrie County,US17
US17141,Ogle County,US17
US17143,Peoria County,US17
US17145,Perry County,US17
US17147,Piatt County,US17
US17149,Pike County,US17
US17151,Pope County,US17
US17153,Pulaski County,US17
US17155,Putnam County,US17
US17157,Randolph County,US17
US17159,Richland County,US17
US17161,Rock Island County,US17
US17163,St. Clair County,US17
US17165,Saline County,US17
US17167,Sangamon County,US17
US17169,Schuyler County,US17
US17171,Scott County,US17
US17173,Shelby County,US17
US17175,Stark County,US17
US17177,Stephenson County,US17
US17179,Tazewell County,US17
US17181,Union County,US17
US17183,Vermilion County,US17
US17185,Wabash County,US17
US17187,Warren County,US17
US17189,Washington County,US17
US17191,Wayne County,US17
US17193,White County,US17
US17195,Whiteside County,US17
US17197,Will County,US17
US17199,Williamson County,US17
US17201,Winnebago County,US17
US17203,Woodford County,US17
US18001,Adams County,US18
US18003,Allen County,US18
US18005,Bartholomew County,US18
US18007,Benton County,US18
US18009,Blackford County,US18
US18011,Boone County,US18
US18013,Brown County,US18
US18015,Carroll County,US18
US18017,Cass County,US18
US18019,Clark County,US18
US18021,Clay County,US18
US18023,Clinton County,US18
US18025,Crawford County,US18
US18027,Daviess County,US18
US18029,Dearborn County,US18
US18031,Decatur County,US18
US18033,DeKalb County,US18
US18035,Delaware County,US18
US18037,Dubois County,US18
US18039,Elkhart County,US18
US18041,Fayette County,US18
US18043,Floyd County,US18
US18045,Fountain County,US18
US18047,Franklin County,US18
US18049,Fulton County,US18
US18051,Gibson County,US18
US18053,Grant County,US18
US18055,Greene County,US18
US18057,Hamilton County,US18
US18059,Hancock County,US18
US18061,Harrison County,US18
US18063,Hendricks County,US18
US18065,Henry County,US18
US18067,Howard County,US18
US18069,Huntington County,US18
US18071,Jackson County,US18
US18073,Jasper County,US18
US18075,Jay County,US18
US18077,Jefferson County,US18
US18079,Jennings County,US18
US18081,Johnson County,US18
US18083,Knox County,US18
US18085,Kosciusko County,US18
US18087,LaGrange County,US18
US18089,Lake County,US18
US18091,LaPorte County,US18
US18093,Lawrence County,US18
US18095,Madison County,US18
US18097,Marion County,US18
US18099,Marshall County,US18
US18101,Martin County,US18
US18103,Miami County,US18
US18105,Monroe County,US18
US18107,Montgomery County,US18
US18109,Morgan County,US18
US18111,Newton County,US18
US18113,Noble County,US18
US18115,Ohio County,US18
US18117,Orange County,US18
US18119,Owen County,US18
US18121,Parke County,US18
US18123,Perry County,US18
US18125,Pike County,US18
US18127,Porter County,US18
US18129,Posey County,US18
US18131,Pulaski County,US18
US18133,Putnam County,US18
US18135,Randolph County,US18
US18137,Ripley County,US18
US18139,Rush County,US18
US18141,St. Joseph County,US18
US18143,Scott County,US18
US18145,Shelby County,US18
US18147,Spencer County,US18
US18149,Starke County,US18
US18151,Steuben County,US18
US18153,Sullivan County,US18
US18155,Switzerland County,US18
US18157,Tippecanoe County,US18
US18159,Tipton County,US18
US18161,Union County,US18
US18163,Vanderburgh County,US18
US18165,Vermillion County,US18
US18167,Vigo County,US18
US18169,Wabash County,US18
US18171,Warren County,US18
US18173,Warrick County,US18
US18175,Washington County,US18
US18177,Wayne County,US18
US18179,Wells County,US18
US18181,White County,US18
US18183,Whitley County,US18
US19001,Adair County,US19
US19003,Adams County,US19
US19005,Allamakee County,US19
US19007,Appanoose County,US19
US19009,Audubon County,US19
US19011,Benton County,US19
US19013,Black Hawk County,US19
US19015,Boone County,US19
US19017,Bremer County,US19
US19019,Buchanan County,US19
US19021,Buena Vista County,US19
US19023,Butler County,US19
US19025,Calhoun County,US19
US19027,Carroll County,US19
US19029,Cass County,US19
US19031,Cedar County,US19
US19033,Cerro Gordo County,US19
US19035,Cherokee County,US19
US19037,Chickasaw County,US19
US19039,Clarke County,US19
US19041,Clay County,US19
US19043,Clayton County,US19
US19045,Clinton County,US19
US19047,Crawford County,US19
US19049,Dallas County,US19
US19051,Davis County,US19
US19053,Decatur County,US19
US19055,Delaware County,US19
US19057,Des Moines County,US19
US19059,Dickinson County,US19
US19061,Dubuque County,US19
US19063,Emmet County,US19
US19065,Fayette County,US19
US19067,Floyd County,US19
US19069,Franklin County,US19
US19071,Fremont County,US19
US19073,Greene County,US19
US19075,Grundy County,US19
US19077,Guthrie County,US19
US19079,Hamilton County,US19
US19081,Hancock County,US19
US19083,Hardin County,US19
US19085,Harrison County,US19
US19087,Henry County,US19
US19089,Howard County,US19
US19091,Humboldt County,US19
US19093,Ida County,US19
US19095,Iowa County,US19
US19097,Jackson County,US19
US19099,Jasper County,US19
US19101,Jefferson County,US19
US19103,Johnson County,US19
US19105,Jones County,US19
US19107,Keokuk County,US19
US19109,Kossuth County,US19
US19111,Lee County,US19
US19113,Linn County,US19
US19115,Louisa County,US19
US19117,Lucas County,US19
US19119,Lyon County,US19
US19121,Madison County,US19
US19123,Mahaska County,US19
US19125,Marion County,US19
US19127,Marshall County,US19
US19129,Mills County,US19
US19131,Mitchell County,US19
US19133,Monona County,US19
US19135,Monroe County,US19
US19137,Montgomery County,US19
US19139,Muscatine County,US19
US19141,O'Brien County,US19
US19143,Osceola County,US19
US19145,Page County,US19
US19147,Palo Alto County,US19
US19149,Plymouth County,US19
US19151,Pocahontas County,US19
US19153,Polk County,US19
US19155,Pottawattamie County,US19
US19157,Poweshiek County,US19
US19159,Ringgold County,US19
US19161,Sac County,US19
US19163,Scott County,US19
US19165,Shelby County,US19
US19167,Sioux County,US19
US19169,Story County,US19
US19171,Tama County,US19
US19173,Taylor County,US19
US19175,Union County,US19
US19177,Van Buren County,US19
US19179,Wapello County,US19
US19181,Warren County,US19
US19183,Washington County,US19
US19185,Wayne County,US19
US19187,Webster County,US19
US19189,Winnebago County,US19
US19191,Winneshiek County,US19
US19193,Woodbury County,US19
US19195,Worth County,US19
US19197,Wright County,US19
US20001,Allen County,US20
US20003,Anderson County,US20
US20005,Atchison County,US20
US20007,Barber County,US20
US20009,Barton County,US20
US20011,Bourbon County,US20
US20013,Brown County,US20
US20015,Butler County,US20
US20017,Chase County,US20
US20019,Chautauqua County,US20
US20021,Cherokee County,US20
US20023,Cheyenne County,US20
US20025,Clark County,US20
US20027,Clay County,US20
US20029,Cloud County,US20
US20031,Coffey County,US20
US20033,Comanche County,US20
US20035,Cowley County,US20
US20037,Crawford County,US20
US20039,Decatur County,US20
US20041,Dickinson County,US20
US20043,Doniphan County,US20
US20045,Douglas County,US20
US20047,Edwards County,US20
US20049,Elk County,US20
US20051,Ellis County,US20
US20053,Ellsworth County,US20
US20055,Finney County,US20
US20057,Ford County,US20
US20059,Franklin County,US20
US20061,Geary County,US20
US20063,Gove County,US20
US20065,Graham County,US20
US20067,Grant County,US20
US20069,Gray County,US20
US20071,Greeley County,US20
US20073,Greenwood County,US20
US20075,Hamilton County,US20
US20077,Harper County,US20
US20079,Harvey County,US20
US20081,Haskell County,US20
US20083,Hodgeman County,US20
US20085,Jackson County,US20
US20087,Jefferson County,US20
US20089,Jewell County,US20
US20091,Johnson County,US20
US20093,Kearny County,US20
US20095,Kingman County,US20
US20097,Kiowa County,US20
US20099,Labette County,US20
US20101,Lane County,US20
US20103,Leavenworth County,US20
US20105,Lincoln County,US20
US20107,Linn County,US20
US20109,Logan County,US20
US20111,Lyon County,US20
US20113,McPherson County,US20
US20115,Marion County,US20
US20117,Marshall County,US20
US20119,Meade County,US20
US20121,Miami County,US20
US20123,Mitchell County,US20
US20125,Montgomery County,US20
US20127,Morris County,US20
US20129,Morton County,US20
US20131,Nemaha County,US20
US20133,Neosho County,US20
US20135,Ness County,US20
US20137,Norton County,US20
US20139,Osage County,US20
US20141,Osborne County,US20
US20143,Ottawa County,US20
US20145,Pawnee County,US20
US20147,Phillips County,US20
US20149,Pottawatomie County,US20
US20151,Pratt County,US20
US20153,Rawlins County,US20
US20155,Reno County,US20
US20157,Republic County,US20
US20159,Rice County,US20
US20161,Riley County,US20
US20163,Rooks County,US20
US20165,Rush County,US20
US20167,Russell County,US20
US20169,Saline County,US20
US20171,Scott County,US20
US20173,Sedgwick County,US20
US20175,Seward County,US20
US20177,Shawnee County,US20
US20179,Sheridan County,US20
US20181,Sherman County,US20
US20183,Smith County,US20
US20185,Stafford County,US20
US20187,Stanton County,US20
US20189,Stevens County,US20
US20191,Sumner County,US20
US20193,Thomas County,US20
US20195,Trego County,US20
US20197,Wabaunsee County,US20
US20199,Wallace County,US20
US20201,Washington County,US20
US20203,Wichita County,US20
US20205,Wilson County,US20
US20207,Woodson County,US20
US20209,Wyandotte County,US20
US21001,Adair County,US21
US21003,Allen County,US21
US21005,Anderson County,US21
US21007,Ballard County,US21
US21009,Barren County,US21
US21011,Bath County,US21
US21013,Bell County,US21
US21015,Boone County,US21
US21017,Bourbon County,US21
US21019,Boyd County,US21
US21021,Boyle County,US21
US21023,Bracken County,US21
US21025,Breathitt County,US21
US21027,Breckinridge County,US21
US21029,Bullitt County,US21
US21031,Butler County,US21
US21033,Caldwell County,US21
US21035,Calloway County,US21
US21037,Campbell County,US21
US21039,Carlisle County,US21
US21041,Carroll County,US21
US21043,Carter County,US21
US21045,Casey County,US21
US21047,Christian County,US21
US21049,Clark County,US21
US21051,Clay County,US21
US21053,Clinton County,US21
US21055,Crittenden County,US21
US21057,Cumberland County,US21
US21059,Daviess County,US21
US21061,Edmonson County,US21
US21063,Elliott County,US21
US21065,Estill County,US21
US21067,Fayette County,US21
US21069,Fleming County,US21
US21071,Floyd County,US21
US21073,Franklin County,US21
US21075,Fulton County,US21
US21077,Gallatin County,US21
US21079,Garrard County,US21
US21081,Grant County,US21
US21083,Graves County,US21
US21085,Grayson County,US21
US21087,Green County,US21
US21089,Greenup County,US21
US21091,Hancock County,US21
US21093,Hardin County,US21
US21095,Harlan County,US21
US21097,Harrison County,US21
US21099,Hart County,US21
US21101,Henderson County,US21
US21103,Henry County,US21
US21105,Hickman County,US21
US21107,Hopkins County,US21
US21109,Jackson County,US21
US21111,Jefferson County,US21
US21113,Jessamine County,US21
US21115,Johnson County,US21
US21117,Kenton County,US21
US21119,Knott County,US21
US21121,Knox County,US21
US21123,Larue County,US21
US21125,Laurel County,US21
US21127,Lawrence County,US21
US21129,Lee County,US21
US21131,Leslie County,US21
US21133,Letcher County,US21
US21135,Lewis County,US21
US21137,Lincoln County,US21
US21139,Livingston County,US21
US21141,Logan County,US21
US21143,Lyon County,US21
US21145,McCracken County,US21
US21147,McCreary County,US21
US21149,McLean County,US21
US21151,Madison County,US21
US21153,Magoffin County,US21
US21155,Marion County,US21
US21157,Marshall County,US21
US21159,Martin County,US21
US21161,Mason County,US21
US21163,Meade County,US21
US21165,Menifee County,US21
US21167,Mercer County,US21
US21169,Metcalfe County,US21
US21171,Monroe County,US21
US21173,Montgomery County,US21
US21175,Morgan County,US21
US21177,Muhlenberg County,US21
US21179,Nelson County,US21
US21181,Nicholas County,US21
US21183,Ohio County,US21
US21185,Oldham County,US21
US21187,Owen County,US21
US21189,Owsley County,US21
US21191,Pendleton County,US21
US21193,Perry County,US21
US21195,Pike County,US21
US21197,Powell County,US21
US21199,Pulaski County,US21
US21201,Robertson County,US21
US21203,Rockcastle County,US21
US21205,Rowan County,US21
US21207,Russell County,US21
US21209,Scott County,US21
US21211,Shelby County,US21
US21213,Simpson County,US21
US21215,Spencer County,US21
US21217,Taylor County,US21
US21219,Todd County,US21
US21221,Trigg County,US21
US21223,Trimble County,US21
US21225,Union County,US21
US21227,Warren County,US21
US21229,Washington County,US21
US21231,Wayne County,US21
US21233,Webster County,US21
US21235,Whitley County,US21
US21237,Wolfe County,US21
US21239,Woodford County,US21
US22001,Acadia Parish,US22
US22003,Allen Parish,US22
US22005,Ascension Parish,US22
US22007,Assumption Parish,US22
US22009,Avoyelles Parish,US22
US22011,Beauregard Parish,US22
US22013,Bienville Parish,US22
US22015,Bossier Parish,US22
US22017,Caddo Parish,US22
US22019,Calcasieu Parish,US22
US22021,Caldwell Parish,US22
US22023,Cameron Parish,US22
US22025,Catahoula Parish,US22
US22027,Claiborne Parish,US22
US22029,Concordia Parish,US22
US22031,De Soto Parish,US22
US22033,East Baton Rouge Parish,US22
US22035,East Carroll Parish,US22
US22037,East Feliciana Parish,US22
US22039,Evangeline Parish,US22
US22041,Franklin Parish,US22
US22043,Grant Parish,US22
US22045,Iberia Parish,US22
US22047,Iberville Parish,US22
US22049,Jackson Parish,US22
US22051,Jefferson Parish,US22
US22053,Jefferson Davis Parish,US22
US22055,Lafayette Parish,US22
US22057,Lafourche Parish,US22
US22059,LaSalle Parish,US22
US22061,Lincoln Parish,US22
US22063,Livingston Parish,US22
US22065,Madison Parish,US22
US22067,Morehouse Parish,US22
US22069,Natchitoches Parish,US22
US22071,Orleans Parish,US22
US22073,Ouachita Parish,US22
US22075,Plaquemines Parish,US22
US22077,Pointe Coupee Parish,US22
US22079,Rapides Parish,US22
US22081,Red River Parish,US22
US22083,Richland Parish,US22
US22085,Sabine Parish,US22
US22087,St. Bernard Parish,US22
US22089,St. Charles Parish,US22
US22091,St. Helena Parish,US22
US22093,St. James Parish,US22
US22095,St. John the Baptist Parish,US22
US22097,St. Landry Parish,US22
US22099,St. Martin Parish,US22
US22101,St. Mary Parish,US22
US22103,St. Tammany Parish,US22
US22105,Tangipahoa Parish,US22
US22107,Tensas Parish,US22
US22109,Terrebonne Parish,US22
US22111,Union Parish,US22
US22113,Vermilion Parish,US22
US22115,Vernon Parish,US22
US22117,Washington Parish,US22
US22119,Webster Parish,US22
US22121,West Baton Rouge Parish,US22
US22123,West Carroll Parish,US22
US22125,West Feliciana Parish,US22
US22127,Winn Parish,US22
US23001,Androscoggin County,US23
US23003,Aroostook County,US23
US23005,Cumberland County,US23
US23007,Franklin County,US23
US23009,Hancock County,US23
US23011,Kennebec County,US23
US23013,Knox County,US23
US23015,Lincoln County,US23
US23017,Oxford County,US23
US23019,Penobscot County,US23
US23021,Piscataquis County,US23
US23023,Sagadahoc County,US23
US23025,Somerset County,US23
US23027,Waldo County,US23
US23029,Washington County,US23
US23031,York County,US23
US24001,Allegany County,US24
US24003,Anne Arundel County,US24
US24005,Baltimore County,US24
US24009,Calvert County,US24
US24011,Caroline County,US24
US24013,Carroll County,US24
US24015,Cecil County,US24
US24017,Charles County,US24
US24019,Dorchester County,US24
US24021,Frederick County,US24
US24023,Garrett County,US24
US24025,Harford County,US24
US24027,Howard County,US24
US24029,Kent County,US24
US24031,Montgomery County,US24
US24033,Prince George's County,US24
US24035,Queen Anne's County,US24
US24037,St. Mary's County,US24
US24039,Somerset County,US24
US24041,Talbot County,US24
US24043,Washington County,US24
US24045,Wicomico County,US24
US24047,Worcester County,US24
US24510,Baltimore city,US24
US25001,Barnstable County,US25
US25003,Berkshire County,US25
US25005,Bristol County,US25
US25007,Dukes County,US25
US25009,Essex County,US25
US25011,Franklin County,US25
US25013,Hampden County,US25
US25015,Hampshire County,US25
US25017,Middlesex County,US25
US25019,Nantucket County,US25
US25021,Norfolk County,US25
US25023,Plymouth County,US25
US25025,Suffolk County,US25
US25027,Worcester County,US25
US26001,Alcona County,US26
US26003,Alger County,US26
US26005,Allegan County,US26
US26007,Alpena County,US26
US26009,Antrim County,US26
US26011,Arenac County,US26
US26013,Baraga County,US26
US26015,Barry County,US26
US26017,Bay County,US26
US26019,Benzie County,US26
US26021,Berrien County,US26
US26023,Branch County,US26
US26025,Calhoun County,US26
US26027,Cass County,US26
US26029,Charlevoix County,US26
US26031,Cheboygan County,US26
US26033,Chippewa County,US26
US26035,Clare County,US26
US26037,Clinton County,US26
US26039,Crawford County,US26
US26041,Delta County,US26
US26043,Dickinson County,US26
US26045,Eaton County,US26
US26047,Emmet County,US26
US26049,Genesee County,US26
US26051,Gladwin County,US26
US26053,Gogebic County,US26
US26055,Grand Traverse County,US26
US26057,Gratiot County,US26
US26059,Hillsdale County,US26
US26061,Houghton County,US26
US26063,Huron County,US26
US26065,Ingham County,US26
US26067,Ionia County,US26
US26069,Iosco County,US26
US26071,Iron County,US26
US26073,Isabella County,US26
US26075,Jackson County,US26
US26077,Kalamazoo County,US26
US26079,Kalkaska County,US26
US26081,Kent County,US26
US26083,Keweenaw County,US26
US26085,Lake County,US26
US26087,Lapeer County,US26
US26089,Leelanau County,US26
US26091,Lenawee County,US26
US26093,Livingston County,US26
US26095,Luce County,US26
US26097,Mackinac County,US26
US26099,Macomb County,US26
US26101,Manistee County,US26
US26103,Marquette County,US26
US26105,Mason County,US26
US26107,Mecosta County,US26
US26109,Menominee County,US26
US26111,Midland County,US26
US26113,Missaukee County,US26
US26115,Monroe County,US26
US26117,Montcalm County,US26
US26119,Montmorency County,US26
US26121,Muskegon County,US26
US26123,Newaygo County,US26
US26125,Oakland County,US26
US26127,Oceana County,US26
US26129,Ogemaw County,US26
US26131,Ontonagon County,US26
US26133,Osceola County,US26
US26135,Oscoda County,US26
US26137,Otsego County,US26
US26139,Ottawa County,US26
US26141,Presque Isle County,US26
US26143,Roscommon County,US26
US26145,Saginaw County,US26
US26147,St. Clair County,US26
US26149,St. Joseph County,US26
US26151,Sanilac County,US26
US26153,Schoolcraft County,US26
US26155,Shiawassee County,US26
US26157,Tuscola County,US26
US26159,Van Buren County,US26
US26161,Washtenaw County,US26
US26163,Wayne County,US26
US26165,Wexford County,US26
US27001,Aitkin County,US27
US27003,Anoka County,US27
US27005,Becker County,US27
US27007,Beltrami County,US27
US27009,Benton County,US27
US27011,Big Stone County,US27
US27013,Blue Earth County,US27
US27015,Brown County,US27
US27017,Carlton County,US27
US27019,Carver County,US27
US27021,Cass County,US27
US27023,Chippewa County,US27
US27025,Chisago County,US27
US27027,Clay County,US27
US27029,Clearwater County,US27
US27031,Cook County,US27
US27033,Cottonwood County,US27
US27035,Crow Wing County,US27
US27037,Dakota County,US27
US27039,Dodge County,US27
US27041,Douglas County,US27
US27043,Faribault County,US27
US27045,Fillmore County,US27
US27047,Freeborn County,US27
US27049,Goodhue County,US27
US27051,Grant County,US27
US27053,Hennepin County,US27
US27055,Houston County,US27
US27057,Hubbard County,US27
US27059,Isanti County,US27
US27061,Itasca County,US27
US27063,Jackson County,US27
US27065,Kanabec County,US27
US27067,Kandiyohi County,US27
US27069,Kittson County,US27
US27071,Koochiching County,US27
US27073,Lac qui Parle County,US27
US27075,Lake County,US27
US27077,Lake of the Woods County,US27
US27079,Le Sueur County,US27
US27081,Lincoln County,US27
US27083,Lyon County,US27
US27085,McLeod County,US27
US27087,Mahnomen County,US27
US27089,Marshall County,US27
US27091,Martin County,US27
US27093,Meeker County,US27
US27095,Mille Lacs County,US27
US27097,Morrison County,US27
US27099,Mower County,US27
US27101,Murray County,US27
US27103,Nicollet County,US27
US27105,Nobles County,US27
US27107,Norman County,US27
US27109,Olmsted County,US27
US27111,Otter Tail County,US27
US27113,Pennington County,US27
US27115,Pine County,US27
US27117,Pipestone County,US27
US27119,Polk County,US27
US27121,Pope County,US27
US27123,Ramsey County,US27
US27125,Red Lake County,US27
US27127,Redwood County,US27
US27129,Renville County,US27
US27131,Rice County,US27
US27133,Rock County,US27
US27135,Roseau County,US27
US27137,St. Louis County,US27
US27139,Scott County,US27
US27141,Sherburne County,US27
US27143,Sibley County,US27
US27145,Stearns County,US27
US27147,Steele County,US27
US27149,Stevens County,US27
US27151,Swift County,US27
US27153,Todd County,US27
US27155,Traverse County,US27
US27157,Wabasha County,US27
US27159,Wadena County,US27
US27161,Waseca County,US27
US27163,Washington County,US27
US27165,Watonwan County,US27
US27167,Wilkin County,US27
US27169,Winona County,US27
US27171,Wright County,US27
US27173,Yellow Medicine County,US27
US28001,Adams County,US28
US28003,Alcorn County,US28
US28005,Amite County,US28
US28007,Attala County,US28
US28009,Benton County,US28
US28011,Bolivar County,US28
US28013,Calhoun County,US28
US28015,Carroll County,US28
US28017,Chickasaw County,US28
US28019,Choctaw County,US28
US28021,Claiborne County,US28
US28023,Clarke County,US28
US28025,Clay County,US28
US28027,Coahoma County,US28
US28029,Copiah County,US28
US28031,Covington County,US28
US28033,DeSoto County,US28
US28035,Forrest County,US28
US28037,Franklin County,US28
US28039,George County,US28
US28041,Greene County,US28
US28043,Grenada County,US28
US28045,Hancock County,US28
US28047,Harrison County,US28
US28049,Hinds County,US28
US28051,Holmes County,US28
US28053,Humphreys County,US28
US28055,Issaquena County,US28
US28057,Itawamba County,US28
US28059,Jackson County,US28
US28061,Jasper County,US28
US28063,Jefferson County,US28
US28065,Jefferson Davis County,US28
US28067,Jones County,US28
US28069,Kemper County,US28
US28071,Lafayette County,US28
US28073,Lamar County,US28
US28075,Lauderdale County,US28
US28077,Lawrence County,US28
US28079,Leake County,US28
US28081,Lee County,US28
US28083,Leflore County,US28
US28085,Lincoln County,US28
US28087,Lowndes County,US28
US28089,Madison County,US28
US28091,Marion County,US28
US28093,Marshall County,US28
US28095,Monroe County,US28
US28097,Montgomery County,US28
US28099,Neshoba County,US28
US28101,Newton County,US28
US28103,Noxubee County,US28
US28105,Oktibbeha County,US28
US28107,Panola County,US28
US28109,Pearl River County,US28
US28111,Perry County,US28
US28113,Pike County,US28
US28115,Pontotoc County,US28
US28117,Prentiss County,US28
US28119,Quitman County,US28
US28121,Rankin County,US28
US28123,Scott County,US28
US28125,Sharkey County,US28
US28127,Simpson County,US28
US28129,Smith County,US28
US28131,Stone County,US28
US28133,Sunflower County,US28
US28135,Tallahatchie County,US28
US28137,Tate County,US28
US28139,Tippah County,US28
US28141,Tishomingo County,US28
US28143,Tunica County,US28
US28145,Union County,US28
US28147,Walthall County,US28
US28149,Warren County,US28
US28151,Washington County,US28
US28153,Wayne County,US28
US28155,Webster County,US28
US28157,Wilkinson County,US28
US28159,Winston County,US28
US28161,Yalobusha County,US28
US28163,Yazoo County,US28
US29001,Adair County,US29
US29003,Andrew County,US29
US29005,Atchison County,US29
US29007,Audrain County,US29
US29009,Barry County,US29
US29011,Barton County,US29
US29013,Bates County,US29
US29015,Benton County,US29
US29017,Bollinger County,US29
US29019,Boone County,US29
US29021,Buchanan County,US29
US29023,Butler County,US29
US29025,Caldwell County,US29
US29027,Callaway County,US29
US29029,Camden County,US29
US29031,Cape Girardeau County,US29
US29033,Carroll County,US29
US29035,Carter County,US29
US29037,Cass County,US29
US29039,Cedar County,US29
US29041,Chariton County,US29
US29043,Christian County,US29
US29045,Clark County,US29
US29047,Clay County,US29
US29049,Clinton County,US29
US29051,Cole County,US29
US29053,Cooper County,US29
US29055,Crawford County,US29
US29057,Dade County,US29
US29059,Dallas County,US29
US29061,Daviess County,US29
US29063,DeKalb County,US29
US29065,Dent County,US29
US29067,Douglas County,US29
US29069,Dunklin County,US29
US29071,Franklin County,US29
US29073,Gasconade County,US29
US29075,Gentry County,US29
US29077,Greene County,US29
US29079,Grundy County,US29
US29081,Harrison County,US29
US29083,Henry County,US29
US29085,Hickory County,US29
US29087,Holt County,US29
US29089,Howard County,US29
US29091,Howell County,US29
US29093,Iron County,US29
US29095,Jackson County,US29
US29097,Jasper County,US29
US29099,Jefferson County,US29
US29101,Johnson County,US29
US29103,Knox County,US29
US29105,Laclede County,US29
US29107,Lafayette County,US29
US29109,Lawrence County,US29
US29111,Lewis County,US29
US29113,Lincoln County,US29
US29115,Linn County,US29
US29117,Livingston County,US29
US29119,McDonald County,US29
US29121,Macon County,US29
US29123,Madison County,US29
US29125,Maries County,US29
US29127,Marion County,US29
US29129,Mercer County,US29
US29131,Miller County,US29
US29133,Mississippi County,US29
US29135,Moniteau County,US29
US29137,Monroe County,US29
US29139,Montgomery County,US29
US29141,Morgan County,US29
US29143,New Madrid County,US29
US29145,Newton County,US29
US29147,Nodaway County,US29
US29149,Oregon County,US29
US29151,Osage County,US29
US29153,Ozark County,US29
US29155,Pemiscot County,US29
US29157,Perry County,US29
US29159,Pettis County,US29
US29161,Phelps County,US29
US29163,Pike County,US29
US29165,Platte County,US29
US29167,Polk County,US29
US29169,Pulaski County,US29
US29171,Putnam County,US29
US29173,Ralls County,US29
US29175,Randolph County,US29
US29177,Ray County,US29
US29179,Reynolds County,US29
US29181,Ripley County,US29
US29183,St. Charles County,US29
US29185,St. Clair County,US29
US29186,Ste. Genevieve County,US29
US29187,St. Francois County,US29
US29189,St. Louis County,US29
US29195,Saline County,US29
US29197,Schuyler County,US29
US29199,Scotland County,US29
US29201,Scott County,US29
US29203,Shannon County,US29
US29205,Shelby County,US29
US29207,Stoddard County,US29
US29209,Stone County,US29
US29211,Sullivan County,US29
US29213,Taney County,US29
US29215,Texas County,US29
US29217,Vernon County,US29
US29219,Warren County,US29
US29221,Washington County,US29
US29223,Wayne County,US29
US29225,Webster County,US29
US29227,Worth County,US29
US29229,Wright County,US29
US29510,St. Louis city,US29
US30001,Beaverhead County,US30
US30003,Big Horn County,US30
US30005,Blaine County,US30
US30007,Broadwater County,US30
US30009,Carbon County,US30
US30011,Carter County,US30
US30013,Cascade County,US30
US30015,Chouteau County,US30
US30017,Custer County,US30
US30019,Daniels County,US30
US30021,Dawson County,US30
US30023,Deer Lodge County,US30
US30025,Fallon County,US30
US30027,Fergus County,US30
US30029,Flathead County,US30
US30031,Gallatin County,US30
US30033,Garfield County,US30
US30035,Glacier County,US30
US30037,Golden Valley County,US30
US30039,Granite County,US30
US30041,Hill County,US30
US30043,Jefferson County,US30
US30045,Judith Basin County,US30
US30047,Lake County,US30
US30049,Lewis and Clark County,US30
US30051,Liberty County,US30
US30053,Lincoln County,US30
US30055,McCone County,US30
US30057,Madison County,US30
US30059,Meagher County,US30
US30061,Mineral County,US30
US30063,Missoula County,US30
US30065,Musselshell County,US30
US30067,Park County,US30
US30069,Petroleum County,US30
US30071,Phillips County,US30
US30073,Pondera County,US30
US30075,Powder River County,US30
US30077,Powell County,US30
US30079,Prairie County,US30
US30081,Ravalli County,US30
US30083,Richland County,US30
US30085,Roosevelt County,US30
US30087,Rosebud County,US30
US30089,Sanders County,US30
US30091,Sheridan County,US30
US30093,Silver Bow County,US30
US30095,Stillwater County,US30
US30097,Sweet Grass County,US30
US30099,Teton County,US30
US30101,Toole County,US30
US30103,Treasure County,US30
US30105,Valley County,US30
US30107,Wheatland County,US30
US30109,Wibaux County,US30
US30111,Yellowstone County,US30
US31001,Adams County,US31
US31003,Antelope County,US31
US31005,Arthur County,US31
US31007,Banner County,US31
US31009,Blaine County,US31
US31011,Boone County,US31
US31013,Box Butte County,US31
US31015,Boyd County,US31
US31017,Brown County,US31
US31019,Buffalo County,US31
US31021,Burt County,US31
US31023,Butler County,US31
US31025,Cass County,US31
US31027,Cedar County,US31
US31029,Chase County,US31
US31031,Cherry County,US31
US31033,Cheyenne County,US31
US31035,Clay County,US31
US31037,Colfax County,US31
US31039,Cuming County,US31
US31041,Custer County,US31
US31043,Dakota County,US31
US31045,Dawes County,US31
US31047,Dawson County,US31
US31049,Deuel County,US31
US31051,Dixon County,US31
US31053,Dodge County,US31
US31055,Douglas County,US31
US31057,Dundy County,US31
US31059,Fillmore County,US31
US31061,Franklin County,US31
US31063,Frontier County,US31
US31065,Furnas County,US31
US31067,Gage County,US31
US31069,Garden County,US31
US31071,Garfield County,US31
US31073,Gosper County,US31
US31075,Grant County,US31
US31077,Greeley County,US31
US31079,Hall County,US31
US31081,Hamilton County,US31
US31083,Harlan County,US31
US31085,Hayes County,US31
US31087,Hitchcock County,US31
US31089,Holt County,US31
US31091,Hooker County,US31
US31093,Howard County,US31
US31095,Jefferson County,US31
US31097,Johnson County,US31
US31099,Kearney County,US31
US31101,Keith County,US31
US31103,Keya Paha County,US31
US31105,Kimball County,US31
US31107,Knox County,US31
US31109,Lancaster County,US31
US31111,Lincoln County,US31
US31113,Logan County,US31
US31115,Loup County,US31
US31117,McPherson County,US31
US31119,Madison County,US31
US31121,Merrick County,US31
US31123,Morrill County,US31
US31125,Nance County,US31
US31127,Nemaha County,US31
US31129,Nuckolls County,US31
US31131,Otoe County,US31
US31133,Pawnee County,US31
US31135,Perkins County,US31
US31137,Phelps County,US31
US31139,Pierce County,US31
US31141,Platte County,US31
US31143,Polk County,US31
US31145,Red Willow County,US31
US31147,Richardson County,US31
US31149,Rock County,US31
US31151,Saline County,US31
US31153,Sarpy County,US31
US31155,Saunders County,US31
US31157,Scotts Bluff County,US31
US31159,Seward County,US31
US31161,Sheridan County,US31
US31163,Sherman County,US31
US31165,Sioux County,US31
US31167,Stanton County,US31
US31169,Thayer County,US31
US31171,Thomas County,US31
US31173,Thurston County,US31
US31175,Valley County,US31
US31177,Washington County,US31
US31179,Wayne County,US31
US31181,Webster County,US31
US31183,Wheeler County,US31
US31185,York County,US31
US32001,Churchill County,US32
US32003,Clark County,US32
US32005,Douglas County,US32
US32007,Elko County,US32
US32009,Esmeralda County,US32
US32011,Eureka County,US32
US32013,Humboldt County,US32
US32015,Lander County,US32
US32017,Lincoln County,US32
US32019,Lyon County,US32
US32021,Mineral County,US32
US32023,Nye County,US32
US32027,Pershing County,US32
US32029,Storey County,US32
US32031,Washoe County,US32
US32033,White Pine County,US32
US32510,Carson City,US32
US33001,Belknap County,US33
US33003,Carroll County,US33
US33005,Cheshire County,US33
US33007,Coos County,US33
US33009,Grafton County,US33
US33011,Hillsborough County,US33
US33013,Merrimack County,US33
US33015,Rockingham County,US33
US33017,Strafford County,US33
US33019,Sullivan County,US33
US34001,Atlantic County,US34
US34003,Bergen County,US34
US34005,Burlington County,US34
US34007,Camden County,US34
US34009,Cape May County,US34
US34011,Cumberland County,US34
US34013,Essex County,US34
US34015,Gloucester County,US34
US34017,Hudson County,US34
US34019,Hunterdon County,US34
US34021,Mercer County,US34
US34023,Middlesex County,US34
US34025,Monmouth County,US34
US34027,Morris County,US34
US34029,Ocean County,US34
US34031,Passaic County,US34
US34033,Salem County,US34
US34035,Somerset County,US34
US34037,Sussex County,US34
US34039,Union County,US34
US34041,Warren County,US34
US35001,Bernalillo County,US35
US35003,Catron County,US35
US35005,Chaves County,US35
US35006,Cibola County,US35
US35007,Colfax County,US35
US35009,Curry County,US35
US35011,De Baca County,US35
US35013,Doña Ana County,US35
US35015,Eddy County,US35
US35017,Grant County,US35
US35019,Guadalupe County,US35
US35021,Harding County,US35
US35023,Hidalgo County,US35
US35025,Lea County,US35
US35027,Lincoln County,US35
US35028,Los Alamos County,US35
US35029,Luna County,US35
US35031,McKinley County,US35
US35033,Mora County,US35
US35035,Otero County,US35
US35037,Quay County,US35
US35039,Rio Arriba County,US35
US35041,Roosevelt County,US35
US35043,Sandoval County,US35
US35045,San Juan County,US35
US35047,San Miguel County,US35
US35049,Santa Fe County,US35
US35051,Sierra County,US35
US35053,Socorro County,US35
US35055,Taos County,US35
US35057,Torrance County,US35
US35059,Union County,US35
US35061,Valencia County,US35
US36001,Albany County,US36
US36003,Allegany County,US36
US36005,Bronx County,US36
US36007,Broome County,US36
US36009,Cattaraugus County,US36
US36011,Cayuga County,US36
US36013,Chautauqua County,US36
US36015,Chemung County,US36
US36017,Chenango County,US36
US36019,Clinton County,US36
US36021,Columbia County,US36
US36023,Cortland County,US36
US36025,Delaware County,US36
US36027,Dutchess County,US36
US36029,Erie County,US36
US36031,Essex County,US36
US36033,Franklin County,US36
US36035,Fulton County,US36
US36037,Genesee County,US36
US36039,Greene County,US36
US36041,Hamilton County,US36
US36043,Herkimer County,US36
US36045,Jefferson County,US36
US36047,Kings County,US36
US36049,Lewis County,US36
US36051,Livingston County,US36
US36053,Madison County,US36
US36055,Monroe County,US36
US36057,Montgomery County,US36
US36059,Nassau County,US36
US36061,New York County,US36
US36063,Niagara County,US36
US36065,Oneida County,US36
US36067,Onondaga County,US36
US36069,Ontario County,US36
US36071,Orange County,US36
US36073,Orleans County,US36
US36075,Oswego County,US36
US36077,Otsego County,US36
US36079,Putnam County,US36
US36081,Queens County,US36
US36083,Rensselaer County,US36
US36085,Richmond County,US36
US36087,Rockland County,US36
US36089,St. Lawrence County,US36
US36091,Saratoga County,US36
US36093,Schenectady County,US36
US36095,Schoharie County,US36
US36097,Schuyler County,US36
US36099,Seneca County,US36
US36101,Steuben County,US36
US36103,Suffolk County,US36
US36105,Sullivan County,US36
US36107,Tioga County,US36
US36109,Tompkins County,US36
US36111,Ulster County,US36
US36113,Warren County,US36
US36115,Washington County,US36
US36117,Wayne County,US36
US36119,Westchester County,US36
US36121,Wyoming County,US36
US36123,Yates County,US36
US37001,Alamance County,US37
US37003,Alexander County,US37
US37005,Alleghany County,US37
US37007,Anson County,US37
US37009,Ashe County,US37
US37011,Avery County,US37
US37013,Beaufort County,US37
US37015,Bertie County,US37
US37017,Bladen County,US37
US37019,Brunswick County,US37
US37021,Buncombe County,US37
US37023,Burke County,US37
US37025,Cabarrus County,US37
US37027,Caldwell County,US37
US37029,Camden County,US37
US37031,Carteret County,US37
US37033,Caswell County,US37
US37035,Catawba County,US37
US37037,Chatham County,US37
US37039,Cherokee County,US37
US37041,Chowan County,US37
US37043,Clay County,US37
US37045,Cleveland County,US37
US37047,Columbus County,US37
US37049,Craven County,US37
US37051,Cumberland County,US37
US37053,Currituck County,US37
US37055,Dare County,US37
US37057,Davidson County,US37
US37059,Davie County,US37
US37061,Duplin County,US37
US37063,Durham County,US37
US37065,Edgecombe County,US37
US37067,Forsyth County,US37
US37069,Franklin County,US37
US37071,Gaston County,US37
US37073,Gates County,US37
US37075,Graham County,US37
US37077,Granville County,US37
US37079,Greene County,US37
US37081,Guilford County,US37
US37083,Halifax County,US37
US37085,Harnett County,US37
US37087,Haywood County,US37
US37089,Henderson County,US37
US37091,Hertford County,US37
US37093,Hoke County,US37
US37095,Hyde County,US37
US37097,Iredell County,US37
US37099,Jackson County,US37
US37101,Johnston County,US37
US37103,Jones County,US37
US37105,Lee County,US37
US37107,Lenoir County,US37
US37109,Lincoln County,US37
US37111,McDowell County,US37
US37113,Macon County,US37
US37115,Madison County,US37
US37117,Martin County,US37
US37119,Mecklenburg County,US37
US37121,Mitchell County,US37
US37123,Montgomery County,US37
US37125,Moore County,US37
US37127,Nash County,US37
US37129,New Hanover County,US37
US37131,Northampton County,US37
US37133,Onslow County,US37
US37135,Orange County,US37
US37137,Pamlico County,US37
US37139,Pasquotank County,US37
US37141,Pender County,US37
US37143,Perquimans County,US37
US37145,Person County,US37
US37147,Pitt County,US37
US37149,Polk County,US37
US37151,Randolph County,US37
US37153,Richmond County,US37
US37155,Robeson County,US37
US37157,Rockingham County,US37
US37159,Rowan County,US37
US37161,Rutherford County,US37
US37163,Sampson County,US37
US37165,Scotland County,US37
US37167,Stanly County,US37
US37169,Stokes County,US37
US37171,Surry County,US37
US37173,Swain County,US37
US37175,Transylvania County,US37
US37177,Tyrrell County,US37
US37179,Union County,US37
US37181,Vance County,US37
US37183,Wake County,US37
US37185,Warren County,US37
US37187,Washington County,US37
US37189,Watauga County,US37
US37191,Wayne County,US37
US37193,Wilkes County,US37
US37195,Wilson County,US37
US37197,Yadkin County,US37
US37199,Yancey County,US37
US38001,Adams County,US38
US38003,Barnes County,US38
US38005,Benson County,US38
US38007,Billings County,US38
US38009,Bottineau County,US38
US38011,Bowman County,US38
US38013,Burke County,US38
US38015,Burleigh County,US38
US38017,Cass County,US38
US38019,Cavalier County,US38
US38021,Dickey County,US38
US38023,Divide County,US38
US38025,Dunn County,US38
US38027,Eddy County,US38
US38029,Emmons County,US38
US38031,Foster County,US38
US38033,Golden Valley County,US38
US38035,Grand Forks County,US38
US38037,Grant County,US38
US38039,Griggs County,US38
US38041,Hettinger County,US38
US38043,Kidder County,US38
US38045,LaMoure County,US38
US38047,Logan County,US38
US38049,McHenry County,US38
US38051,McIntosh County,US38
US38053,McKenzie County,US38
US38055,McLean County,US38
US38057,Mercer County,US38
US38059,Morton County,US38
US38061,Mountrail County,US38
US38063,Nelson County,US38
US38065,Oliver County,US38
US38067,Pembina County,US38
US38069,Pierce County,US38
US38071,Ramsey County,US38
US38073,Ransom County,US38
US38075,Renville County,US38
US38077,Richland County,US38
US38079,Rolette County,US38
US38081,Sargent County,US38
US38083,Sheridan County,US38
US38085,Sioux County,US38
US38087,Slope County,US38
US38089,Stark County,US38
US38091,Steele County,US38
US38093,Stutsman County,US38
US38095,Towner County,US38
US38097,Traill County,US38
US38099,Walsh County,US38
US38101,Ward County,US38
US38103,Wells County,US38
US38105,Williams County,US38
US39001,Adams County,US39
US39003,Allen County,US39
US39005,Ashland County,US39
US39007,Ashtabula County,US39
US39009,Athens County,US39
US39011,Auglaize County,US39
US39013,Belmont County,US39
US39015,Brown County,US39
US39017,Butler County,US39
US39019,Carroll County,US39
US39021,Champaign County,US39
US39023,Clark County,US39
US39025,Clermont County,US39
US39027,Clinton County,US39
US39029,Columbiana County,US39
US39031,Coshocton County,US39
US39033,Crawford County,US39
US39035,Cuyahoga County,US39
US39037,Darke County,US39
US39039,Defiance County,US39
US39041,Delaware County,US39
US39043,Erie County,US39
US39045,Fairfield County,US39
US39047,Fayette County,US39
US39049,Franklin County,US39
US39051,Fulton County,US39
US39053,Gallia County,US39
US39055,Geauga County,US39
US39057,Greene County,US39
US39059,Guernsey County,US39
US39061,Hamilton County,US39
US39063,Hancock County,US39
US39065,Hardin County,US39
US39067,Harrison County,US39
US39069,Henry County,US39
US39071,Highland County,US39
US39073,Hocking County,US39
US39075,Holmes County,US39
US39077,Huron County,US39
US39079,Jackson County,US39
US39081,Jefferson County,US39
US39083,Knox County,US39
US39085,Lake County,US39
US39087,Lawrence County,US39
US39089,Licking County,US39
US39091,Logan County,US39
US39093,Lorain County,US39
US39095,Lucas County,US39
US39097,Madison County,US39
US39099,Mahoning County,US39
US39101,Marion County,US39
US39103,Medina County,US39
US39105,Meigs County,US39
US39107,Mercer County,US39
US39109,Miami County,US39
US39111,Monroe County,US39
US39113,Montgomery County,US39
US39115,Morgan County,US39
US39117,Morrow County,US39
US39119,Muskingum County,US39
US39121,Noble County,US39
US39123,Ottawa County,US39
US39125,Paulding County,US39
US39127,Perry County,US39
US39129,Pickaway County,US39
US39131,Pike County,US39
US39133,Portage County,US39
US39135,Preble County,US39
US39137,Putnam County,US39
US39139,Richland County,US39
US39141,Ross County,US39
US39143,Sandusky County,US39
US39145,Scioto County,US39
US39147,Seneca County,US39
US39149,Shelby County,US39
US39151,Stark County,US39
US39153,Summit County,US39
US39155,Trumbull County,US39
US39157,Tuscarawas County,US39
US39159,Union County,US39
US39161,Van Wert County,US39
US39163,Vinton County,US39
US39165,Warren County,US39
US39167,Washington County,US39
US39169,Wayne County,US39
US39171,Williams County,US39
US39173,Wood County,US39
US39175,Wyandot County,US39
US40001,Adair County,US40
US40003,Alfalfa County,US40
US40005,Atoka County,US40
US40007,Beaver County,US40
US40009,Beckham County,US40
US40011,Blaine County,US40
US40013,Bryan County,US40
US40015,Caddo County,US40
US40017,Canadian County,US40
US40019,Carter County,US40
US40021,Cherokee County,US40
US40023,Choctaw County,US40
US40025,Cimarron County,US40
US40027,Cleveland County,US40
US40029,Coal County,US40
US40031,Comanche County,US40
US40033,Cotton County,US40
US40035,Craig County,US40
US40037,Creek County,US40
US40039,Custer County,US40
US40041,Delaware County,US40
US40043,Dewey County,US40
US40045,Ellis County,US40
US40047,Garfield County,US40
US40049,Garvin County,US40
US40051,Grady County,US40
US40053,Grant County,US40
US40055,Greer County,US40
US40057,Harmon County,US40
US40059,Harper County,US40
US40061,Haskell County,US40
US40063,Hughes County,US40
US40065,Jackson County,US40
US40067,Jefferson County,US40
US40069,Johnston County,US40
US40071,Kay County,US40
US40073,Kingfisher County,US40
US40075,Kiowa County,US40
US40077,Latimer County,US40
US40079,Le Flore County,US40
US40081,Lincoln County,US40
US40083,Logan County,US40
US40085,Love County,US40
US40087,McClain County,US40
US40089,McCurtain County,US40
US40091,McIntosh County,US40
US40093,Major County,US40
US40095,Marshall County,US40
US40097,Mayes County,US40
US40099,Murray County,US40
US40101,Muskogee County,US40
US40103,Noble County,US40
US40105,Nowata County,US40
US40107,Okfuskee County,US40
US40109,Oklahoma County,US40
US40111,Okmulgee County,US40
US40113,Osage County,US40
US40115,Ottawa County,US40
US40117,Pawnee County,US40
US40119,Payne County,US40
US40121,Pittsburg County,US40
US40123,Pontotoc County,US40
US40125,Pottawatomie County,US40
US40127,Pushmataha County,US40
US40129,Roger Mills County,US40
US40131,Rogers County,US40
US40133,Seminole County,US40
US40135,Sequoyah County,US40
US40137,Stephens County,US40
US40139,Texas County,US40
US40141,Tillman County,US40
US40143,Tulsa County,US40
US40145,Wagoner County,US40
US40147,Washington County,US40
US40149,Washita County,US40
US40151,Woods County,US40
US40153,Woodward County,US40
US41001,Baker County,US41
US41003,Benton County,US41
US41005,Clackamas County,US41
US41007,Clatsop County,US41
US41009,Columbia County,US41
US41011,Coos County,US41
US41013,Crook County,US41
US41015,Curry County,US41
US41017,Deschutes County,US41
US41019,Douglas County,US41
US41021,Gilliam County,US41
US41023,Grant County,US41
US41025,Harney County,US41
US41027,Hood River County,US41
US41029,Jackson County,US41
US41031,Jefferson County,US41
US41033,Josephine County,US41
US41035,Klamath County,US41
US41037,Lake County,US41
US41039,Lane County,US41
US41041,Lincoln County,US41
US41043,Linn County,US41
US41045,Malheur County,US41
US41047,Marion County,US41
US41049,Morrow County,US41
US41051,Multnomah County,US41
US41053,Polk County,US41
US41055,Sherman County,US41
US41057,Tillamook County,US41
US41059,Umatilla County,US41
US41061,Union County,US41
US41063,Wallowa County,US41
US41065,Wasco County,US41
US41067,Washington County,US41
US41069,Wheeler County,US41
US41071,Yamhill County,US41
US42001,Adams County,US42
US42003,Allegheny County,US42
US42005,Armstrong County,US42
US42007,Beaver County,US42
US42009,Bedford County,US42
US42011,Berks County,US42
US42013,Blair County,US42
US42015,Bradford County,US42
US42017,Bucks County,US42
US42019,Butler County,US42
US42021,Cambria County,US42
US42023,Cameron County,US42
US42025,Carbon County,US42
US42027,Centre County,US42
US42029,Chester County,US42
US42031,Clarion County,US42
US42033,Clearfield County,US42
US42035,Clinton County,US42
US42037,Columbia County,US42
US42039,Crawford County,US42
US42041,Cumberland County,US42
US42043,Dauphin County,US42
US42045,Delaware County,US42
US42047,Elk County,US42
US42049,Erie County,US42
US42051,Fayette County,US42
US42053,Forest County,US42
US42055,Franklin County,US42
US42057,Fulton County,US42
US42059,Greene County,US42
US42061,Huntingdon County,US42
US42063,Indiana County,US42
US42065,Jefferson County,US42
US42067,Juniata County,US42
US42069,Lackawanna County,US42
US42071,Lancaster County,US42
US42073,Lawrence County,US42
US42075,Lebanon County,US42
US42077,Lehigh County,US42
US42079,Luzerne County,US42
US42081,Lycoming County,US42
US42083,McKean County,US42
US42085,Mercer County,US42
US42087,Mifflin County,US42
US42089,Monroe County,US42
US42091,Montgomery County,US42
US42093,Montour County,US42
US42095,Northampton County,US42
US42097,Northumberland County,US42
US42099,Perry County,US42
US42101,Philadelphia County,US42
US42103,Pike County,US42
US42105,Potter County,US42
US42107,Schuylkill County,US42
US42109,Snyder County,US42
US42111,Somerset County,US42
US42113,Sullivan County,US42
US42115,Susquehanna County,US42
US42117,Tioga County,US42
US42119,Union County,US42
US42121,Venango County,US42
US42123,Warren County,US42
US42125,Washington County,US42
US42127,Wayne County,US42
US42129,Westmoreland County,US42
US42131,Wyoming County,US42
US42133,York County,US42
US44003,Kent County,US44
US44005,Newport County,US44
US44007,Providence County,US44
US44009,Washington County,US44
US45001,Abbeville County,US45
US45003,Aiken County,US45
US45005,Allendale County,US45
US45007,Anderson County,US45
US45009,Bamberg County,US45
US45011,Barnwell County,US45
US45013,Beaufort County,US45
US45015,Berkeley County,US45
US45017,Calhoun County,US45
US45019,Charleston County,US45
US45021,Cherokee County,US45
US45023,Chester County,US45
US45025,Chesterfield County,US45
US45027,Clarendon County,US45
US45029,Colleton County,US45
US45031,Darlington County,US45
US45033,Dillon County,US45
US45035,Dorchester County,US45
US45037,Edgefield County,US45
US45039,Fairfield County,US45
US45041,Florence County,US45
US45043,Georgetown County,US45
US45045,Greenville County,US45
US45047,Greenwood County,US45
US45049,Hampton County,US45
US45051,Horry County,US45
US45053,Jasper County,US45
US45055,Kershaw County,US45
US45057,Lancaster County,US45
US45059,Laurens County,US45
US45061,Lee County,US45
US45063,Lexington County,US45
US45065,McCormick County,US45
US45067,Marion County,US45
US45069,Marlboro County,US45
US45071,Newberry County,US45
US45073,Oconee County,US45
US45075,Orangeburg County,US45
US45077,Pickens County,US45
US45079,Richland County,US45
US45081,Saluda County,US45
US45083,Spartanburg County,US45
US45085,Sumter County,US45
US45087,Union County,US45
US45089,Williamsburg County,US45
US45091,York County,US45
US46003,Aurora County,US46
US46005,Beadle County,US46
US46007,Bennett County,US46
US46009,Bon Homme County,US46
US46011,Brookings County,US46
US46013,Brown County,US46
US46015,Brule County,US46
US46017,Buffalo County,US46
US46019,Butte County,US46
US46021,Campbell County,US46
US46023,Charles Mix County,US46
US46025,Clark County,US46
US46027,Clay County,US46
US46029,Codington County,US46
US46031,Corson County,US46
US46033,Custer County,US46
US46035,Davison County,US46
US46037,Day County,US46
US46039,Deuel County,US46
US46041,Dewey County,US46
US46043,Douglas County,US46
US46045,Edmunds County,US46
US46047,Fall River County,US46
US46049,Faulk County,US46
US46051,Grant County,US46
US46053,Gregory County,US46
US46055,Haakon County,US46
US46057,Hamlin County,US46
US46059,Hand County,US46
US46061,Hanson County,US46
US46063,Harding County,US46
US46065,Hughes County,US46
US46067,Hutchinson County,US46
US46069,Hyde County,US46
US46071,Jackson County,US46
US46073,Jerauld County,US46
US46075,Jones County,US46
US46077,Kingsbury County,US46
US46079,Lake County,US46
US46081,Lawrence County,US46
US46083,Lincoln County,US46
US46085,Lyman County,US46
US46087,McCook County,US46
US46089,McPherson County,US46
US46091,Marshall County,US46
US46093,Meade County,US46
US46095,Mellette County,US46
US46097,Miner County,US46
US46099,Minnehaha County,US46
US46101,Moody County,US46
US46102,Oglala Lakota County,US46
US46103,Pennington County,US46
US46105,Perkins County,US46
US46107,Potter County,US46
US46109,Roberts County,US46
US46111,Sanborn County,US46
US46115,Spink County,US46
US46117,Stanley County,US46
US46119,Sully County,US46
US46121,Todd County,US46
US46123,Tripp County,US46
US46125,Turner County,US46
US46127,Union County,US46
US46129,Walworth County,US46
US46135,Yankton County,US46
US46137,Ziebach County,US46
US47001,Anderson County,US47
US47003,Bedford County,US47
US47005,Benton County,US47
US47007,Bledsoe County,US47
US47009,Blount County,US47
US47011,Bradley County,US47
US47013,Campbell County,US47
US47015,Cannon County,US47
US47017,Carroll County,US47
US47019,Carter County,US47
US47021,Cheatham County,US47
US47023,Chester County,US47
US47025,Claiborne County,US47
US47027,Clay County,US47
US47029,Cocke County,US47
US47031,Coffee County,US47
US47033,Crockett County,US47
US47035,Cumberland County,US47
US47037,Davidson County,US47
US47039,Decatur County,US47
US47041,DeKalb County,US47
US47043,Dickson County,US47
US47045,Dyer County,US47
US47047,Fayette County,US47
US47049,Fentress County,US47
US47051,Franklin County,US47
US47053,Gibson County,US47
US47055,Giles County,US47
US47057,Grainger County,US47
US47059,Greene County,US47
US47061,Grundy County,US47
US47063,Hamblen County,US47
US47065,Hamilton County,US47
US47067,Hancock County,US47
US47069,Hardeman County,US47
US47071,Hardin County,US47
US47073,Hawkins County,US47
US47075,Haywood County,US47
US47077,Henderson County,US47
US47079,Henry County,US47
US47081,Hickman County,US47
US47083,Houston County,US47
US47085,Humphreys County,US47
US47087,Jackson County,US47
US47089,Jefferson County,US47
US47091,Johnson County,US47
US47093,Knox County,US47
US47095,Lake County,US47
US47097,Lauderdale County,US47
US47099,Lawrence County,US47
US47101,Lewis County,US47
US47103,Lincoln County,US47
US47105,Loudon County,US47
US47107,McMinn County,US47
US47109,McNairy County,US47
US47111,Macon County,US47
US47113,Madison County,US47
US47115,Marion County,US47
US47117,Marshall County,US47
US47119,Maury County,US47
US47121,Meigs County,US47
US47123,Monroe County,US47
US47125,Montgomery County,US47
US47127,Moore County,US47
US47129,Morgan County,US47
US47131,Obion County,US47
US47133,Overton County,US47
US47135,Perry County,US47
US47137,Pickett County,US47
US47139,Polk County,US47
US47141,Putnam County,US47
US47143,Rhea County,US47
US47145,Roane County,US47
US47147,Robertson County,US47
US47149,Rutherford County,US47
US47151,Scott County,US47
US47153,Sequatchie County,US47
US47155,Sevier County,US47
US47157,Shelby County,US47
US47159,Smith County,US47
US47161,Stewart County,US47
US47163,Sullivan County,US47
US47165,Sumner County,US47
US47167,Tipton County,US47
US47169,Trousdale County,US47
US47171,Unicoi County,US47
US47173,Union County,US47
US47175,Van Buren County,US47
US47177,Warren County,US47
US47179,Washington County,US47
US47181,Wayne County,US47
US47183,Weakley County,US47
US47185,White County,US47
US47187,Williamson County,US47
US47189,Wilson County,US47
US48001,Anderson County,US48
US48003,Andrews County,US48
US48005,Angelina County,US48
US48007,Aransas County,US48
US48009,Archer County,US48
US48011,Armstrong County,US48
US48013,Atascosa County,US48
US48015,Austin County,US48
US48017,Bailey County,US48
US48019,Bandera County,US48
US48021,Bastrop County,US48
US48023,Baylor County,US48
US48025,Bee County,US48
US48027,Bell County,US48
US48029,Bexar County,US48
US48031,Blanco County,US48
US48033,Borden County,US48
US48035,Bosque County,US48
US48037,Bowie County,US48
US48039,Brazoria County,US48
US48041,Brazos County,US48
US48043,Brewster County,US48
US48045,Briscoe County,US48
US48047,Brooks County,US48
US48049,Brown County,US48
US48051,Burleson County,US48
US48053,Burnet County,US48
US48055,Caldwell County,US48
US48057,Calhoun County,US48
US48059,Callahan County,US48
US48061,Cameron County,US48
US48063,Camp County,US48
US48065,Carson County,US48
US48067,Cass County,US48
US48069,Castro County,US48
US48071,Chambers County,US48
US48073,Cherokee County,US48
US48075,Childress County,US48
US48077,Clay County,US48
US48079,Cochran County,US48
US48081,Coke County,US48
US48083,Coleman County,US48
US48085,Collin County,US48
US48087,Collingsworth County,US48
US48089,Colorado County,US48
US48091,Comal County,US48
US48093,Comanche County,US48
US48095,Concho County,US48
US48097,Cooke County,US48
US48099,Coryell County,US48
US48101,Cottle County,US48
US48103,Crane County,US48
US48105,Crockett County,US48
US48107,Crosby County,US48
US48109,Culberson County,US48
US48111,Dallam County,US48
US48113,Dallas County,US48
US48115,Dawson County,US48
US48117,Deaf Smith County,US48
US48119,Delta County,US48
US48121,Denton County,US48
US48123,DeWitt County,US48
US48125,Dickens County,US48
US48127,Dimmit County,US48
US48129,Donley County,US48
US48131,Duval County,US48
US48133,Eastland County,US48
US48135,Ector County,US48
US48137,Edwards County,US48
US48139,Ellis County,US48
US48141,El Paso County,US48
US48143,Erath County,US48
US48145,Falls County,US48
US48147,Fannin County,US48
US48149,Fayette County,US48
US48151,Fisher County,US48
US48153,Floyd County,US48
US48155,Foard County,US48
US48157,Fort Bend County,US48
US48159,Franklin County,US48
US48161,Freestone County,US48
US48163,Frio County,US48
US48165,Gaines County,US48
US48167,Galveston County,US48
US48169,Garza County,US48
US48171,Gillespie County,US48
US48173,Glasscock County,US48
US48175,Goliad County,US48
US48177,Gonzales County,US48
US48179,Gray County,US48
US48181,Grayson County,US48
US48183,Gregg County,US48
US48185,Grimes County,US48
US48187,Guadalupe County,US48
US48189,Hale County,US48
US48191,Hall County,US48
US48193,Hamilton County,US48
US48195,Hansford County,US48
US48197,Hardeman County,US48
US48199,Hardin County,US48
US48201,Harris County,US48
US48203,Harrison County,US48
US48205,Hartley County,US48
US48207,Haskell County,US48
US48209,Hays County,US48
US48211,Hemphill County,US48
US48213,Henderson County,US48
US48215,Hidalgo County,US48
US48217,Hill County,US48
US48219,Hockley County,US48
US48221,Hood County,US48
US48223,Hopkins County,US48
US48225,Houston County,US48
US48227,Howard County,US48
US48229,Hudspeth County,US48
US48231,Hunt County,US48
US48233,Hutchinson County,US48
US48235,Irion County,US48
US48237,Jack County,US48
US48239,Jackson County,US48
US48241,Jasper County,US48
US48243,Jeff Davis County,US48
US48245,Jefferson County,US48
US48247,Jim Hogg County,US48
US48249,Jim Wells County,US48
US48251,Johnson County,US48
US48253,Jones County,US48
US48255,Karnes County,US48
US48257,Kaufman County,US48
US48259,Kendall County,US48
US48261,Kenedy County,US48
US48263,Kent County,US48
US48265,Kerr County,US48
US48267,Kimble County,US48
US48269,King County,US48
US48271,Kinney County,US48
US48273,Kleberg County,US48
US48275,Knox County,US48
US48277,Lamar County,US48
US48279,Lamb County,US48
US48281,Lampasas County,US48
US48283,La Salle County,US48
US48285,Lavaca County,US48
US48287,Lee County,US48
US48289,Leon County,US48
US48291,Liberty County,US48
US48293,Limestone County,US48
US48295,Lipscomb County,US48
US48297,Live Oak County,US48
US48299,Llano County,US48
US48301,Loving County,US48
US48303,Lubbock County,US48
US48305,Lynn County,US48
US48307,McCulloch County,US48
US48309,McLennan County,US48
US48311,McMullen County,US48
US48313,Madison County,US48
US48315,Marion County,US48
US48317,Martin County,US48
US48319,Mason County,US48
US48321,Matagorda County,US48
US48323,Maverick County,US48
US48325,Medina County,US48
US48327,Menard County,US48
US48329,Midland County,US48
US48331,Milam County,US48
US48333,Mills County,US48
US48335,Mitchell County,US48
US48337,Montague County,US48
US48339,Montgomery County,US48
US48341,Moore County,US48
US48343,Morris County,US48
US48345,Motley County,US48
US48347,Nacogdoches County,US48
US48349,Navarro County,US48
US48351,Newton County,US48
US48353,Nolan County,US48
US48355,Nueces County,US48
US48357,Ochiltree County,US48
US48359,Oldham County,US48
US48361,Orange County,US48
US48363,Palo Pinto County,US48
US48365,Panola County,US48
US48367,Parker County,US48
US48369,Parmer County,US48
US48371,Pecos County,US48
US48373,Polk County,US48
US48375,Potter County,US48
US48377,Presidio County,US48
US48379,Rains County,US48
US48381,Randall County,US48
US48383,Reagan County,US48
US48385,Real County,US48
US48387,Red River County,US48
US48389,Reeves County,US48
US48391,Refugio County,US48
US48393,Roberts County,US48
US48395,Robertson County,US48
US48397,Rockwall County,US48
US48399,Runnels County,US48
US48401,Rusk County,US48
US48403,Sabine County,US48
US48405,San Augustine County,US48
US48407,San Jacinto County,US48
US48409,San Patricio County,US48
US48411,San Saba County,US48
US48413,Schleicher County,US48
US48415,Scurry County,US48
US48417,Shackelford County,US48
US48419,Shelby County,US48
US48421,Sherman County,US48
US48423,Smith County,US48
US48425,Somervell County,US48
US48427,Starr County,US48
US48429,Stephens County,US48
US48431,Sterling County,US48
US48433,Stonewall County,US48
US48435,Sutton County,US48
US48437,Swisher County,US48
US48439,Tarrant County,US48
US48441,Taylor County,US48
US48443,Terrell County,US48
US48445,Terry County,US48
US48447,Throckmorton County,US48
US48449,Titus County,US48
US48451,Tom Green County,US48
US48453,Travis County,US48
US48455,Trinity County,US48
US48457,Tyler County,US48
US48459,Upshur County,US48
US48461,Upton County,US48
US48463,Uvalde County,US48
US48465,Val Verde County,US48
US48467,Van Zandt County,US48
US48469,Victoria County,US48
US48471,Walker County,US48
US48473,Waller County,US48
US48475,Ward County,US48
US48477,Washington County,US48
US48479,Webb County,US48
US48481,Wharton County,US48
US48483,Wheeler County,US48
US48485,Wichita County,US48
US48487,Wilbarger County,US48
US48489,Willacy County,US48
US48491,Williamson County,US48
US48493,Wilson County,US48
US48495,Winkler County,US48
US48497,Wise County,US48
US48499,Wood County,US48
US48501,Yoakum County,US48
US48503,Young County,US48
US48505,Zapata County,US48
US48507,Zavala County,US48
US49001,Beaver County,US49
US49003,Box Elder County,US49
US49005,Cache County,US49
US49007,Carbon County,US49
US49009,Daggett County,US49
US49011,Davis County,US49
US49013,Duchesne County,US49
US49015,Emery County,US49
US49017,Garfield County,US49
US49019,Grand County,US49
US49021,Iron County,US49
US49023,Juab County,US49
US49025,Kane County,US49
US49027,Millard County,US49
US49029,Morgan County,US49
US49031,Piute County,US49
US49033,Rich County,US49
US49035,Salt Lake County,US49
US49037,San Juan County,US49
US49039,Sanpete County,US49
US49041,Sevier County,US49
US49043,Summit County,US49
US49045,Tooele County,US49
US49047,Uintah County,US49
US49049,Utah County,US49
US49051,Wasatch County,US49
US49053,Washington County,US49
US49055,Wayne County,US49
US49057,Weber County,US49
US50001,Addison County,US50
US50003,Bennington County,US50
US50005,Caledonia County,US50
US50007,Chittenden County,US50
US50009,Essex County,US50
US50011,Franklin County,US50
US50013,Grand Isle County,US50
US50015,Lamoille County,US50
US50017,Orange County,US50
US50019,Orleans County,US50
US50021,Rutland County,US50
US50023,Washington County,US50
US50025,Windham County,US50
US50027,Windsor County,US50
US51001,Accomack County,US51
US51003,Albemarle County,US51
US51005,Alleghany County,US51
US51007,Amelia County,US51
US51009,Amherst County,US51
US51011,Appomattox County,US51
US51013,Arlington County,US51
US51015,Augusta County,US51
US51017,Bath County,US51
US51019,Bedford County,US51
US51021,Bland County,US51
US51023,Botetourt County,US51
US51025,Brunswick County,US51
US51027,Buchanan County,US51
US51029,Buckingham County,US51
US51031,Campbell County,US51
US51033,Caroline County,US51
US51035,Carroll County,US51
US51036,Charles City County,US51
US51037,Charlotte County,US51
US51041,Chesterfield County,US51
US51043,Clarke County,US51
US51045,Craig County,US51
US51047,Culpeper County,US51
US51049,Cumberland County,US51
US51051,Dickenson County,US51
US51053,Dinwiddie County,US51
US51057,Essex County,US51
US51059,Fairfax County,US51
US51061,Fauquier County,US51
US51063,Floyd County,US51
US51065,Fluvanna County,US51
US51067,Franklin County,US51
US51069,Frederick County,US51
US51071,Giles County,US51
US51073,Gloucester County,US51
US51075,Goochland County,US51
US51077,Grayson County,US51
US51079,Greene County,US51
US51081,Greensville County,US51
US51083,Halifax County,US51
US51085,Hanover County,US51
US51087,Henrico County,US51
US51089,Henry County,US51
US51091,Highland County,US51
US51093,Isle of Wight County,US51
US51097,King and Queen County,US51
US51099,King George County,US51
US51101,King William County,US51
US51103,Lancaster County,US51
US51105,Lee County,US51
US51107,Loudoun County,US51
US51109,Louisa County,US51
US51111,Lunenburg County,US51
US51113,Madison County,US51
US51115,Mathews County,US51
US51117,Mecklenburg County,US51
US51119,Middlesex County,US51
US51121,Montgomery County,US51
US51125,Nelson County,US51
US51127,New Kent County,US51
US51131,Northampton County,US51
US51133,Northumberland County,US51
US51135,Nottoway County,US51
US51137,Orange County,US51
US51139,Page County,US51
US51141,Patrick County,US51
US51143,Pittsylvania County,US51
US51145,Powhatan County,US51
US51147,Prince Edward County,US51
US51149,Prince George County,US51
US51153,Prince William County,US51
US51155,Pulaski County,US51
US51157,Rappahannock County,US51
US51159,Richmond County,US51
US51161,Roanoke County,US51
US51163,Rockbridge County,US51
US51165,Rockingham County,US51
US51167,Russell County,US51
US51169,Scott County,US51
US51171,Shenandoah County,US51
US51173,Smyth County,US51
US51175,Southampton County,US51
US51177,Spotsylvania County,US51
US51179,Stafford County,US51
US51181,Surry County,US51
US51183,Sussex County,US51
US51185,Tazewell County,US51
US51187,Warren County,US51
US51191,Washington County,US51
US51193,Westmoreland County,US51
US51195,Wise County,US51
US51197,Wythe County,US51
US51199,York County,US51
US51510,Alexandria city,US51
US51520,Bristol city,US51
US51530,Buena Vista city,US51
US51540,Charlottesville city,US51
US51550,Chesapeake city,US51
US51570,Colonial Heights city,US51
US51580,Covington city,US51
US51590,Danville city,US51
US51595,Emporia city,US51
US51600,Fairfax city,US51
US51610,Falls Church city,US51
US51620,Franklin city,US51
US51630,Fredericksburg city,US51
US51640,Galax city,US51
US51650,Hampton city,US51
US51660,Harrisonburg city,US51
US51670,Hopewell city,US51
US51678,Lexington city,US51
US51680,Lynchburg city,US51
US51683,Manassas city,US51
US51685,Manassas Park city,US51
US51690,Martinsville city,US51
US51700,Newport News city,US51
US51710,Norfolk city,US51
US51720,Norton city,US51
US51730,Petersburg city,US51
US51735,Poquoson city,US51
US51740,Portsmouth city,US51
US51750,Radford city,US51
US51760,Richmond city,US51
US51770,Roanoke city,US51
US51775,Salem city,US51
US51790,Staunton city,US51
US51800,Suffolk city,US51
US51810,Virginia Beach city,US51
US51820,Waynesboro city,US51
US51830,Williamsburg city,US51
US51840,Winchester city,US51
US53001,Adams County,US53
US53003,Asotin County,US53
US53005,Benton County,US53
US53007,Chelan County,US53
US53009,Clallam County,US53
US53011,Clark County,US53
US53013,Columbia County,US53
US53015,Cowlitz County,US53
US53017,Douglas County,US53
US53019,Ferry County,US53
US53021,Franklin County,US53
US53023,Garfield County,US53
US53025,Grant County,US53
US53027,Grays Harbor County,US53
US53029,Island County,US53
US53031,Jefferson County,US53
US53033,King County,US53
US53035,Kitsap County,US53
US53037,Kittitas County,US53
US53039,Klickitat County,US53
US53041,Lewis County,US53
US53043,Lincoln County,US53
US53045,Mason County,US53
US53047,Okanogan County,US53
US53049,Pacific County,US53
US53051,Pend Oreille County,US53
US53053,Pierce County,US53
US53055,San Juan County,US53
US53057,Skagit County,US53
US53059,Skamania County,US53
US53061,Snohomish County,US53
US53063,Spokane County,US53
US53065,Stevens County,US53
US53067,Thurston County,US53
US53069,Wahkiakum County,US53
US53071,Walla Walla County,US53
US53073,Whatcom County,US53
US53075,Whitman County,US53
US53077,Yakima County,US53
US54001,Barbour County,US54
US54003,Berkeley County,US54
US54005,Boone County,US54
US54007,Braxton County,US54
US54009,Brooke County,US54
US54011,Cabell County,US54
US54013,Calhoun County,US54
US54015,Clay County,US54
US54017,Doddridge County,US54
US54019,Fayette County,US54
US54021,Gilmer County,US54
US54023,Grant County,US54
US54025,Greenbrier County,US54
US54027,Hampshire County,US54
US54029,Hancock County,US54
US54031,Hardy County,US54
US54033,Harrison County,US54
US54035,Jackson County,US54
US54037,Jefferson County,US54
US54039,Kanawha County,US54
US54041,Lewis County,US54
US54043,Lincoln County,US54
US54045,Logan County,US54
US54047,McDowell County,US54
US54049,Marion County,US54
US54051,Marshall County,US54
US54053,Mason County,US54
US54055,Mercer County,US54
US54057,Mineral County,US54
US54059,Mingo County,US54
US54061,Monongalia County,US54
US54063,Monroe County,US54
US54065,Morgan County,US54
US54067,Nicholas County,US54
US54069,Ohio County,US54
US54071,Pendleton County,US54
US54073,Pleasants County,US54
US54075,Pocahontas County,US54
US54077,Preston County,US54
US54079,Putnam County,US54
US54081,Raleigh County,US54
US54083,Randolph County,US54
US54085,Ritchie County,US54
US54087,Roane County,US54
US54089,Summers County,US54
US54091,Taylor County,US54
US54093,Tucker County,US54
US54095,Tyler County,US54
US54097,Upshur County,US54
US54099,Wayne County,US54
US54101,Webster County,US54
US54103,Wetzel County,US54
US54105,Wirt County,US54
US54107,Wood County,US54
US54109,Wyoming County,US54
US55001,Adams County,US55
US55003,Ashland County,US55
US55005,Barron County,US55
US55007,Bayfield County,US55
US55009,Brown County,US55
US55011,Buffalo County,US55
US55013,Burnett County,US55
US55015,Calumet County,US55
US55017,Chippewa County,US55
US55019,Clark County,US55
US55021,Columbia County,US55
US55023,Crawford County,US55
US55025,Dane County,US55
US55027,Dodge County,US55
US55029,Door County,US55
US55031,Douglas County,US55
US55033,Dunn County,US55
US55035,Eau Claire County,US55
US55037,Florence County,US55
US55039,Fond du Lac County,US55
US55041,Forest County,US55
US55043,Grant County,US55
US55045,Green County,US55
US55047,Green Lake County,US55
US55049,Iowa County,US55
US55051,Iron County,US55
US55053,Jackson County,US55
US55055,Jefferson County,US55
US55057,Juneau County,US55
US55059,Kenosha County,US55
US55061,Kewaunee County,US55
US55063,La Crosse County,US55
US55065,Lafayette County,US55
US55067,Langlade County,US55
US55069,Lincoln County,US55
US55071,Manitowoc County,US55
US55073,Marathon County,US55
US55075,Marinette County,US55
US55077,Marquette County,US55
US55078,Menominee County,US55
US55079,Milwaukee County,US55
US55081,Monroe County,US55
US55083,Oconto County,US55
US55085,Oneida County,US55
US55087,Outagamie County,US55
US55089,Ozaukee County,US55
US55091,Pepin County,US55
US55093,Pierce County,US55
US55095,Polk County,US55
US55097,Portage County,US55
US55099,Price County,US55
US55101,Racine County,US55
US55103,Richland County,US55
US55105,Rock County,US55
US55107,Rusk County,US55
US55109,St. Croix County,US55
US55111,Sauk County,US55
US55113,Sawyer County,US55
US55115,Shawano County,US55
US55117,Sheboygan County,US55
US55119,Taylor County,US55
US55121,Trempealeau County,US55
US55123,Vernon County,US55
US55125,Vilas County,US55
US55127,Walworth County,US55
US55129,Washburn County,US55
US55131,Washington County,US55
US55133,Waukesha County,US55
US55135,Waupaca County,US55
US55137,Waushara County,US55
US55139,Winnebago County,US55
US55141,Wood County,US55
US56001,Albany County,US56
US56003,Big Horn County,US56
US56005,Campbell County,US56
US56007,Carbon County,US56
US56009,Converse County,US56
US56011,Crook County,US56
US56013,Fremont County,US56
US56015,Goshen County,US56
US56017,Hot Springs County,US56
US56019,Johnson County,US56
US56021,Laramie County,US56
US56023,Lincoln County,US56
US56025,Natrona County,US56
US56027,Niobrara County,US56
US56029,Park County,US56
US56031,Platte County,US56
US56033,Sheridan County,US56
US56035,Sublette County,US56
US56037,Sweetwater County,US56
US56039,Teton County,US56
US56041,Uinta County,US56
US56043,Washakie County,US56
US56045,Weston County,US56
US60010,Eastern District,US60
US60020,Manu'a District,US60
US60040,Swains Island,US60
US60050,Western District,US60
US66010,Guam,US66
US69085,Northern Islands Municipality,US69
US69100,Rota Municipality,US69
US69110,Saipan Municipality,US69
US69120,Tinian Municipality,US69
US72001,Adjuntas Municipio,US72
US72003,Aguada Municipio,US72
US72005,Aguadilla Municipio,US72
US72007,Aguas Buenas Municipio,US72
US72009,Aibonito Municipio,US72
US72011,Añasco Municipio,US72
US72013,Arecibo Municipio,US72
US72015,Arroyo Municipio,US72
US72017,Barceloneta Municipio,US72
US72019,Barranquitas Municipio,US72
US72021,Bayamón Municipio,US72
US72023,Cabo Rojo Municipio,US72
US72025,Caguas Municipio,US72
US72027,Camuy Municipio,US72
US72029,Canóvanas Municipio,US72
US72031,Carolina Municipio,US72
US72033,Cataño Municipio,US72
US72035,Cayey Municipio,US72
US72037,Ceiba Municipio,US72
US72039,Ciales Municipio,US72
US72041,Cidra Municipio,US72
US72043,Coamo Municipio,US72
US72045,Comerío Municipio,US72
US72047,Corozal Municipio,US72
US72049,Culebra Municipio,US72
US72051,Dorado Municipio,US72
US72053,Fajardo Municipio,US72
US72054,Florida Municipio,US72
US72055,Guánica Municipio,US72
US72057,Guayama Municipio,US72
US72059,Guayanilla Municipio,US72
US72061,Guaynabo Municipio,US72
US72063,Gurabo Municipio,US72
US72065,Hatillo Municipio,US72
US72067,Hormigueros Municipio,US72
US72069,Humacao Municipio,US72
US72071,Isabela Municipio,US72
US72073,Jayuya Municipio,US72
US72075,Juana Díaz Municipio,US72
US72077,Juncos Municipio,US72
US72079,Lajas Municipio,US72
US72081,Lares Municipio,US72
US72083,Las Marías Municipio,US72
US72085,Las Piedras Municipio,US72
US72087,Loíza Municipio,US72
US72089,Luquillo Municipio,US72
US72091,Manatí Municipio,US72
US72093,Maricao Municipio,US72
US72095,Maunabo Municipio,US72
US72097,Mayagüez Municipio,US72
US72099,Moca Municipio,US72
US72101,Morovis Municipio,US72
US72103,Naguabo Municipio,US72
US72105,Naranjito Municipio,US72
US72107,Orocovis Municipio,US72
US72109,Patillas Municipio,US72
US72111,Peñuelas Municipio,US72
US72113,Ponce Municipio,US72
US72115,Quebradillas Municipio,US72
US72117,Rincón Municipio,US72
US72119,Río Grande Municipio,US72
US72121,Sabana Grande Municipio,US72
US72123,Salinas Municipio,US72
US72125,San Germán Municipio,US72
US72127,San Juan Municipio,US72
US72129,San Lorenzo Municipio,US72
US72131,San Sebastián Municipio,US72
US72133,Santa Isabel Municipio,US72
US72135,Toa Alta Municipio,US72
US72137,Toa Baja Municipio,US72
US72139,Trujillo Alto Municipio,US72
US72141,Utuado Municipio,US72
US72143,Vega Alta Municipio,US72
US72145,Vega Baja Municipio,US72
US72147,Vieques Municipio,US72
US72149,Villalba Municipio,US72
US72151,Yabucoa Municipio,US72
US72153,Yauco Municipio,US72
US78010,St. Croix Island,US78
US78020,St. John Island,US78
US78030,St. Thomas Island,US78